-- ============================================
-- SEED DATA - Dữ liệu mẫu cho Supermarket
-- Chạy SAU khi đã chạy migration.sql
-- mysql -u root -p supermarket < seed_data.sql
-- ============================================

USE supermarket;

-- ============================================
-- 1. tblUser
-- ============================================
INSERT IGNORE INTO tblUser (id, fullName, userName, password, birthDay, address, email, phone, note) VALUES
-- Khách hàng
('a1000001-0001-0001-0001-000000000001', N'Nguyễn Văn An', 'nguyenvanan', '$2a$10$xxx', '1990-05-15', N'Hà Nội', 'nguyenvanan@email.com', '0901111001', N'Khách hàng thân thiết'),
('a1000001-0001-0001-0001-000000000002', N'Trần Thị Bình', 'tranthibinh', '$2a$10$xxx', '1988-08-20', N'TP.HCM', 'tranthibinh@email.com', '0901111002', NULL),
('a1000001-0001-0001-0001-000000000003', N'Lê Văn Cường', 'levancuong', '$2a$10$xxx', '1995-03-10', N'Đà Nẵng', 'levancuong@email.com', '0901111003', NULL),
('a1000001-0001-0001-0001-000000000008', N'Phạm Thị Lan', 'phamthilan', '$2a$10$xxx', '1993-06-18', N'Hà Nội', 'phamthilan@email.com', '0901111008', NULL),
('a1000001-0001-0001-0001-000000000009', N'Hoàng Văn Minh', 'hoangvanminh', '$2a$10$xxx', '1991-09-25', N'TP.HCM', 'hoangvanminh@email.com', '0901111009', NULL),
('a1000001-0001-0001-0001-000000000010', N'Vũ Thị Hoa', 'vuthihoa', '$2a$10$xxx', '1996-12-05', N'Đà Nẵng', 'vuthihoa@email.com', '0901111010', NULL),
('a1000001-0001-0001-0001-000000000011', N'Đặng Văn Tuấn', 'dangvantuan', '$2a$10$xxx', '1989-04-22', N'Hà Nội', 'dangvantuan@email.com', '0901111011', NULL),
('a1000001-0001-0001-0001-000000000012', N'Bùi Thị Mai', 'buithimai', '$2a$10$xxx', '1994-07-14', N'TP.HCM', 'buithimai@email.com', '0901111012', NULL),
('a1000001-0001-0001-0001-000000000013', N'Lý Văn Hùng', 'lyvanhung', '$2a$10$xxx', '1992-11-30', N'Hà Nội', 'lyvanhung@email.com', '0901111013', NULL),
('a1000001-0001-0001-0001-000000000014', N'Trương Thị Linh', 'truongthilinh', '$2a$10$xxx', '1997-02-08', N'TP.HCM', 'truongthilinh@email.com', '0901111014', NULL),
-- Nhân viên
('a1000001-0001-0001-0001-000000000004', N'Phạm Thị Dung', 'phamthidung', '$2a$10$xxx', '1992-11-25', N'Hà Nội', 'phamthidung@email.com', '0901111004', N'Nhân viên bán hàng'),
('a1000001-0001-0001-0001-000000000005', N'Hoàng Văn Em', 'hoangvanem', '$2a$10$xxx', '1985-07-08', N'TP.HCM', 'hoangvanem@email.com', '0901111005', N'Nhân viên kho'),
('a1000001-0001-0001-0001-000000000006', N'Vũ Thị Phượng', 'vuthiphuong', '$2a$10$xxx', '1998-01-30', N'Hà Nội', 'vuthiphuong@email.com', '0901111006', N'Shipper'),
('a1000001-0001-0001-0001-000000000007', N'Đặng Văn Giang', 'dangvangiang', '$2a$10$xxx', '1982-09-12', N'TP.HCM', 'dangvangiang@email.com', '0901111007', N'Quản lý'),
('a1000001-0001-0001-0001-000000000015', N'Nguyễn Thị Hương', 'nguyenthihuong', '$2a$10$xxx', '1990-05-20', N'Hà Nội', 'nguyenthihuong@email.com', '0901111015', N'Nhân viên bán hàng'),
('a1000001-0001-0001-0001-000000000016', N'Trần Văn Long', 'tranvanlong', '$2a$10$xxx', '1987-08-15', N'TP.HCM', 'tranvanlong@email.com', '0901111016', N'Nhân viên kho'),
('a1000001-0001-0001-0001-000000000017', N'Lê Thị Nga', 'lethinga', '$2a$10$xxx', '1993-03-10', N'Đà Nẵng', 'lethinga@email.com', '0901111017', N'Shipper'),
-- Thêm khách hàng
('a1000001-0001-0001-0001-000000000018', N'Nguyễn Văn Hùng', 'nguyenvanhung', '$2a$10$xxx', '1990-08-15', N'Hà Nội', 'nguyenvanhung@email.com', '0901111018', NULL),
('a1000001-0001-0001-0001-000000000019', N'Trần Thị Mai', 'tranthimai', '$2a$10$xxx', '1992-12-20', N'TP.HCM', 'tranthimai@email.com', '0901111019', NULL),
('a1000001-0001-0001-0001-000000000020', N'Lê Văn Đức', 'levanduc', '$2a$10$xxx', '1988-06-10', N'Đà Nẵng', 'levanduc@email.com', '0901111020', NULL),
('a1000001-0001-0001-0001-000000000021', N'Phạm Thị Hương', 'phamthihuong', '$2a$10$xxx', '1995-04-25', N'Hà Nội', 'phamthihuong@email.com', '0901111021', NULL),
('a1000001-0001-0001-0001-000000000022', N'Hoàng Văn Tài', 'hoangvantai', '$2a$10$xxx', '1991-09-30', N'TP.HCM', 'hoangvantai@email.com', '0901111022', NULL),
('a1000001-0001-0001-0001-000000000023', N'Vũ Thị Lan', 'vuthilan', '$2a$10$xxx', '1994-11-05', N'Đà Nẵng', 'vuthilan@email.com', '0901111023', NULL),
('a1000001-0001-0001-0001-000000000024', N'Đặng Văn Nam', 'dangvannam', '$2a$10$xxx', '1989-07-18', N'Hà Nội', 'dangvannam@email.com', '0901111024', NULL),
('a1000001-0001-0001-0001-000000000025', N'Bùi Thị Hoa', 'buithihoa', '$2a$10$xxx', '1993-02-12', N'TP.HCM', 'buithihoa@email.com', '0901111025', NULL),
('a1000001-0001-0001-0001-000000000026', N'Lý Văn Quang', 'lyvanquang', '$2a$10$xxx', '1996-05-22', N'Hà Nội', 'lyvanquang@email.com', '0901111026', NULL),
('a1000001-0001-0001-0001-000000000027', N'Trương Thị Nga', 'truongthinga', '$2a$10$xxx', '1992-10-08', N'TP.HCM', 'truongthinga@email.com', '0901111027', NULL),
('a1000001-0001-0001-0001-000000000028', N'Nguyễn Văn Tuấn', 'nguyenvantuan', '$2a$10$xxx', '1987-03-15', N'Đà Nẵng', 'nguyenvantuan@email.com', '0901111028', NULL),
('a1000001-0001-0001-0001-000000000029', N'Trần Thị Hạnh', 'tranthihanh', '$2a$10$xxx', '1994-08-28', N'Hà Nội', 'tranthihanh@email.com', '0901111029', NULL),
('a1000001-0001-0001-0001-000000000030', N'Lê Văn Thành', 'levanthanh', '$2a$10$xxx', '1991-01-14', N'TP.HCM', 'levanthanh@email.com', '0901111030', NULL);

-- ============================================
-- 2. tblRole
-- ============================================
INSERT IGNORE INTO tblRole (id, name, description) VALUES
('b2000002-0002-0002-0002-000000000001', 'ADMIN', N'Quản trị viên hệ thống'),
('b2000002-0002-0002-0002-000000000002', 'STAFF', N'Nhân viên'),
('b2000002-0002-0002-0002-000000000003', 'CUSTOMER', N'Khách hàng'),
('b2000002-0002-0002-0002-000000000004', 'SALE_STAFF', N'Nhân viên bán hàng'),
('b2000002-0002-0002-0002-000000000005', 'WAREHOUSE_STAFF', N'Nhân viên kho'),
('b2000002-0002-0002-0002-000000000006', 'DELIVERY_STAFF', N'Nhân viên giao hàng');

-- ============================================
-- 3. tblPermission
-- ============================================
INSERT IGNORE INTO tblPermission (id, name, code, description) VALUES
('c3000003-0003-0003-0003-000000000001', N'Xem sản phẩm', 'PRODUCT_READ', N'Xem danh sách và chi tiết sản phẩm'),
('c3000003-0003-0003-0003-000000000002', N'Thêm/Sửa sản phẩm', 'PRODUCT_WRITE', N'Thêm, sửa, xóa sản phẩm'),
('c3000003-0003-0003-0003-000000000003', N'Xem đơn hàng', 'ORDER_READ', N'Xem danh sách đơn hàng'),
('c3000003-0003-0003-0003-000000000004', N'Tạo đơn hàng', 'ORDER_CREATE', N'Tạo và xử lý đơn hàng'),
('c3000003-0003-0003-0003-000000000005', N'Quản lý nhập kho', 'IMPORT_MANAGE', N'Tạo và quản lý phiếu nhập kho'),
('c3000003-0003-0003-0003-000000000006', N'Giao hàng', 'DELIVERY_MANAGE', N'Quản lý giao hàng'),
('c3000003-0003-0003-0003-000000000007', N'Quản lý người dùng', 'USER_MANAGE', N'Quản lý tài khoản và phân quyền');

-- ============================================
-- 4. tblUserRole
-- ============================================
INSERT IGNORE INTO tblUserRole (id, userId, roleId, assignedAt, isActive) VALUES
-- Khách hàng (User 1,2,3,8-14)
(UUID(), 'a1000001-0001-0001-0001-000000000001', 'b2000002-0002-0002-0002-000000000003', NOW(), TRUE),
(UUID(), 'a1000001-0001-0001-0001-000000000002', 'b2000002-0002-0002-0002-000000000003', NOW(), TRUE),
(UUID(), 'a1000001-0001-0001-0001-000000000003', 'b2000002-0002-0002-0002-000000000003', NOW(), TRUE),
(UUID(), 'a1000001-0001-0001-0001-000000000008', 'b2000002-0002-0002-0002-000000000003', NOW(), TRUE),
(UUID(), 'a1000001-0001-0001-0001-000000000009', 'b2000002-0002-0002-0002-000000000003', NOW(), TRUE),
(UUID(), 'a1000001-0001-0001-0001-000000000010', 'b2000002-0002-0002-0002-000000000003', NOW(), TRUE),
(UUID(), 'a1000001-0001-0001-0001-000000000011', 'b2000002-0002-0002-0002-000000000003', NOW(), TRUE),
(UUID(), 'a1000001-0001-0001-0001-000000000012', 'b2000002-0002-0002-0002-000000000003', NOW(), TRUE),
(UUID(), 'a1000001-0001-0001-0001-000000000013', 'b2000002-0002-0002-0002-000000000003', NOW(), TRUE),
(UUID(), 'a1000001-0001-0001-0001-000000000014', 'b2000002-0002-0002-0002-000000000003', NOW(), TRUE),
-- Nhân viên (User 4,5,6,7,15-17)
(UUID(), 'a1000001-0001-0001-0001-000000000004', 'b2000002-0002-0002-0002-000000000004', NOW(), TRUE),
(UUID(), 'a1000001-0001-0001-0001-000000000005', 'b2000002-0002-0002-0002-000000000005', NOW(), TRUE),
(UUID(), 'a1000001-0001-0001-0001-000000000006', 'b2000002-0002-0002-0002-000000000006', NOW(), TRUE),
(UUID(), 'a1000001-0001-0001-0001-000000000007', 'b2000002-0002-0002-0002-000000000001', NOW(), TRUE),
(UUID(), 'a1000001-0001-0001-0001-000000000015', 'b2000002-0002-0002-0002-000000000004', NOW(), TRUE),
(UUID(), 'a1000001-0001-0001-0001-000000000016', 'b2000002-0002-0002-0002-000000000005', NOW(), TRUE),
(UUID(), 'a1000001-0001-0001-0001-000000000017', 'b2000002-0002-0002-0002-000000000006', NOW(), TRUE),
-- Thêm UserRole cho khách hàng mới (User 18-30)
(UUID(), 'a1000001-0001-0001-0001-000000000018', 'b2000002-0002-0002-0002-000000000003', NOW(), TRUE),
(UUID(), 'a1000001-0001-0001-0001-000000000019', 'b2000002-0002-0002-0002-000000000003', NOW(), TRUE),
(UUID(), 'a1000001-0001-0001-0001-000000000020', 'b2000002-0002-0002-0002-000000000003', NOW(), TRUE),
(UUID(), 'a1000001-0001-0001-0001-000000000021', 'b2000002-0002-0002-0002-000000000003', NOW(), TRUE),
(UUID(), 'a1000001-0001-0001-0001-000000000022', 'b2000002-0002-0002-0002-000000000003', NOW(), TRUE),
(UUID(), 'a1000001-0001-0001-0001-000000000023', 'b2000002-0002-0002-0002-000000000003', NOW(), TRUE),
(UUID(), 'a1000001-0001-0001-0001-000000000024', 'b2000002-0002-0002-0002-000000000003', NOW(), TRUE),
(UUID(), 'a1000001-0001-0001-0001-000000000025', 'b2000002-0002-0002-0002-000000000003', NOW(), TRUE),
(UUID(), 'a1000001-0001-0001-0001-000000000026', 'b2000002-0002-0002-0002-000000000003', NOW(), TRUE),
(UUID(), 'a1000001-0001-0001-0001-000000000027', 'b2000002-0002-0002-0002-000000000003', NOW(), TRUE),
(UUID(), 'a1000001-0001-0001-0001-000000000028', 'b2000002-0002-0002-0002-000000000003', NOW(), TRUE),
(UUID(), 'a1000001-0001-0001-0001-000000000029', 'b2000002-0002-0002-0002-000000000003', NOW(), TRUE),
(UUID(), 'a1000001-0001-0001-0001-000000000030', 'b2000002-0002-0002-0002-000000000003', NOW(), TRUE);

-- ============================================
-- 5. tblRolePermission
-- ============================================
INSERT IGNORE INTO tblRolePermission (id, roleId, permissionId, assignedAt, isActive) VALUES
(UUID(), 'b2000002-0002-0002-0002-000000000001', 'c3000003-0003-0003-0003-000000000001', NOW(), TRUE),
(UUID(), 'b2000002-0002-0002-0002-000000000001', 'c3000003-0003-0003-0003-000000000002', NOW(), TRUE),
(UUID(), 'b2000002-0002-0002-0002-000000000001', 'c3000003-0003-0003-0003-000000000007', NOW(), TRUE),
(UUID(), 'b2000002-0002-0002-0002-000000000004', 'c3000003-0003-0003-0003-000000000001', NOW(), TRUE),
(UUID(), 'b2000002-0002-0002-0002-000000000004', 'c3000003-0003-0003-0003-000000000003', NOW(), TRUE),
(UUID(), 'b2000002-0002-0002-0002-000000000004', 'c3000003-0003-0003-0003-000000000004', NOW(), TRUE),
(UUID(), 'b2000002-0002-0002-0002-000000000005', 'c3000003-0003-0003-0003-000000000001', NOW(), TRUE),
(UUID(), 'b2000002-0002-0002-0002-000000000005', 'c3000003-0003-0003-0003-000000000005', NOW(), TRUE),
(UUID(), 'b2000002-0002-0002-0002-000000000006', 'c3000003-0003-0003-0003-000000000003', NOW(), TRUE),
(UUID(), 'b2000002-0002-0002-0002-000000000006', 'c3000003-0003-0003-0003-000000000006', NOW(), TRUE),
(UUID(), 'b2000002-0002-0002-0002-000000000003', 'c3000003-0003-0003-0003-000000000001', NOW(), TRUE),
(UUID(), 'b2000002-0002-0002-0002-000000000003', 'c3000003-0003-0003-0003-000000000004', NOW(), TRUE);

-- ============================================
-- 6. tblCustomer (User 1,2,3,8-14 là khách hàng)
-- ============================================
INSERT IGNORE INTO tblCustomer (id, tblUserid) VALUES
('d4000004-0004-0004-0004-000000000001', 'a1000001-0001-0001-0001-000000000001'),
('d4000004-0004-0004-0004-000000000002', 'a1000001-0001-0001-0001-000000000002'),
('d4000004-0004-0004-0004-000000000003', 'a1000001-0001-0001-0001-000000000003'),
('d4000004-0004-0004-0004-000000000004', 'a1000001-0001-0001-0001-000000000008'),
('d4000004-0004-0004-0004-000000000005', 'a1000001-0001-0001-0001-000000000009'),
('d4000004-0004-0004-0004-000000000006', 'a1000001-0001-0001-0001-000000000010'),
('d4000004-0004-0004-0004-000000000007', 'a1000001-0001-0001-0001-000000000011'),
('d4000004-0004-0004-0004-000000000008', 'a1000001-0001-0001-0001-000000000012'),
('d4000004-0004-0004-0004-000000000009', 'a1000001-0001-0001-0001-000000000013'),
('d4000004-0004-0004-0004-000000000010', 'a1000001-0001-0001-0001-000000000014'),
('d4000004-0004-0004-0004-000000000011', 'a1000001-0001-0001-0001-000000000018'),
('d4000004-0004-0004-0004-000000000012', 'a1000001-0001-0001-0001-000000000019'),
('d4000004-0004-0004-0004-000000000013', 'a1000001-0001-0001-0001-000000000020'),
('d4000004-0004-0004-0004-000000000014', 'a1000001-0001-0001-0001-000000000021'),
('d4000004-0004-0004-0004-000000000015', 'a1000001-0001-0001-0001-000000000022'),
('d4000004-0004-0004-0004-000000000016', 'a1000001-0001-0001-0001-000000000023'),
('d4000004-0004-0004-0004-000000000017', 'a1000001-0001-0001-0001-000000000024'),
('d4000004-0004-0004-0004-000000000018', 'a1000001-0001-0001-0001-000000000025'),
('d4000004-0004-0004-0004-000000000019', 'a1000001-0001-0001-0001-000000000026'),
('d4000004-0004-0004-0004-000000000020', 'a1000001-0001-0001-0001-000000000027'),
('d4000004-0004-0004-0004-000000000021', 'a1000001-0001-0001-0001-000000000028'),
('d4000004-0004-0004-0004-000000000022', 'a1000001-0001-0001-0001-000000000029'),
('d4000004-0004-0004-0004-000000000023', 'a1000001-0001-0001-0001-000000000030');

-- ============================================
-- 7. tblStaff (User 4,5,6,7,15-17 là nhân viên)
-- ============================================
INSERT IGNORE INTO tblStaff (id, position, tblUserid) VALUES
('e5000005-0005-0005-0005-000000000001', N'Nhân viên bán hàng', 'a1000001-0001-0001-0001-000000000004'),
('e5000005-0005-0005-0005-000000000002', N'Nhân viên kho', 'a1000001-0001-0001-0001-000000000005'),
('e5000005-0005-0005-0005-000000000003', N'Shipper', 'a1000001-0001-0001-0001-000000000006'),
('e5000005-0005-0005-0005-000000000004', N'Quản lý', 'a1000001-0001-0001-0001-000000000007'),
('e5000005-0005-0005-0005-000000000005', N'Nhân viên bán hàng', 'a1000001-0001-0001-0001-000000000015'),
('e5000005-0005-0005-0005-000000000006', N'Nhân viên kho', 'a1000001-0001-0001-0001-000000000016'),
('e5000005-0005-0005-0005-000000000007', N'Shipper', 'a1000001-0001-0001-0001-000000000017');

-- ============================================
-- 8. tblManagementStaff (Staff 4 = Quản lý)
-- ============================================
INSERT IGNORE INTO tblManagementStaff (id, tblStaffId) VALUES
('f6000006-0006-0006-0006-000000000001', 'e5000005-0005-0005-0005-000000000004');

-- ============================================
-- 9. tblWarehouseStaff (Staff 2,6 = NV kho)
-- ============================================
INSERT IGNORE INTO tblWarehouseStaff (id, tblStaffId) VALUES
('f6000006-0006-0006-0006-000000000002', 'e5000005-0005-0005-0005-000000000002'),
('f6000006-0006-0006-0006-000000000006', 'e5000005-0005-0005-0005-000000000006');

-- ============================================
-- 10. tblDeliveryStaff (Staff 3,7 = Shipper)
-- ============================================
INSERT IGNORE INTO tblDeliveryStaff (id, tblStaffId) VALUES
('f6000006-0006-0006-0006-000000000003', 'e5000005-0005-0005-0005-000000000003'),
('f6000006-0006-0006-0006-000000000007', 'e5000005-0005-0005-0005-000000000007');

-- ============================================
-- 11. tblSaleStaff (Staff 1,5 = NV bán hàng)
-- ============================================
INSERT IGNORE INTO tblSaleStaff (id, tblStaffId) VALUES
('f6000006-0006-0006-0006-000000000004', 'e5000005-0005-0005-0005-000000000001'),
('f6000006-0006-0006-0006-000000000005', 'e5000005-0005-0005-0005-000000000005');

-- ============================================
-- 12. tblSupplier
-- ============================================
INSERT IGNORE INTO tblSupplier (id, name, email, address, representative, phone) VALUES
('g7000007-0007-0007-0007-000000000001', N'Công ty TNHH Thực phẩm Việt', 'contact@thucphamviet.vn', N'KCN Thăng Long, Hà Nội', N'Nguyễn Đại Diện', '024 1234 5678'),
('g7000007-0007-0007-0007-000000000002', N'Vinamilk', 'b2b@vinamilk.com.vn', N'Quận Bình Thạnh, TP.HCM', N'Trần Đại Diện', '028 9876 5432'),
('g7000007-0007-0007-0007-000000000003', N'Acecook Việt Nam', 'sales@acecook.com.vn', N'Bình Dương', N'Lê Đại Diện', '0274 111 2222'),
('g7000007-0007-0007-0007-000000000004', N'Công ty CP Thực phẩm Masan', 'contact@masan.com.vn', N'Quận 7, TP.HCM', N'Phạm Đại Diện', '028 8888 9999'),
('g7000007-0007-0007-0007-000000000005', N'Công ty TNHH Unilever Việt Nam', 'supply@unilever.com.vn', N'Quận 1, TP.HCM', N'Hoàng Đại Diện', '028 7777 6666'),
('g7000007-0007-0007-0007-000000000006', N'Công ty CP Sữa TH True Milk', 'supplier@thmilk.com.vn', N'Hà Nội', N'Vũ Đại Diện', '024 5555 4444'),
('g7000007-0007-0007-0007-000000000007', N'Công ty TNHH Coca-Cola Việt Nam', 'supply@cocacola.com.vn', N'Quận 2, TP.HCM', N'Đặng Đại Diện', '028 3333 2222'),
('g7000007-0007-0007-0007-000000000008', N'Công ty CP Rau củ quả Việt', 'contact@raucuquaviet.vn', N'Đà Lạt, Lâm Đồng', N'Bùi Đại Diện', '0263 1111 2222'),
('g7000007-0007-0007-0007-000000000009', N'Công ty TNHH Thịt cá tươi sống', 'contact@thitcatuoi.vn', N'Quận 10, TP.HCM', N'Lý Đại Diện', '028 4444 5555'),
('g7000007-0007-0007-0007-000000000010', N'Công ty CP Gia dụng Việt Nam', 'sales@giadungviet.vn', N'Bình Dương', N'Trương Đại Diện', '0274 6666 7777');

-- ============================================
-- 13. tblProduct - THỰC PHẨM KHÔ
-- ============================================
INSERT IGNORE INTO tblProduct (id, code, name, description, unit, importPrice, salePrice, quantity, category) VALUES
-- Gạo và ngũ cốc
('h8000008-0008-0008-0008-000000000001', 'SP001', N'Gạo ST25 5kg', N'Gạo thơm cao cấp', N'Bao', 95000, 125000, 200, N'Thực phẩm'),
('h8000008-0008-0008-0008-000000000009', 'SP009', N'Gạo Jasmine 5kg', N'Gạo thơm Thái Lan', N'Bao', 85000, 110000, 180, N'Thực phẩm'),
('h8000008-0008-0008-0008-000000000010', 'SP010', N'Gạo nếp cái hoa vàng 2kg', N'Gạo nếp thơm', N'Bao', 35000, 45000, 150, N'Thực phẩm'),
('h8000008-0008-0008-0008-0008-000000011', 'SP011', N'Bột mì đa dụng 1kg', N'Bột mì làm bánh', N'Túi', 18000, 25000, 120, N'Thực phẩm'),
('h8000008-0008-0008-0008-0008-000000012', 'SP012', N'Bột năng Tài Ký 500g', N'Bột năng làm bánh', N'Túi', 12000, 18000, 200, N'Thực phẩm'),
-- Dầu ăn và gia vị
('h8000008-0008-0008-0008-000000000002', 'SP002', N'Dầu ăn Simply 1L', N'Dầu ăn tinh luyện', N'Chai', 45000, 58000, 150, N'Thực phẩm'),
('h8000008-0008-0008-0008-0008-000000013', 'SP013', N'Dầu ăn Neptune 1L', N'Dầu ăn thực vật', N'Chai', 42000, 55000, 140, N'Thực phẩm'),
('h8000008-0008-0008-0008-0008-000000014', 'SP014', N'Nước mắm Nam Ngư 500ml', N'Nước mắm cá cơm', N'Chai', 25000, 35000, 180, N'Thực phẩm'),
('h8000008-0008-0008-0008-0008-000000015', 'SP015', N'Nước mắm Phú Quốc 500ml', N'Nước mắm truyền thống', N'Chai', 30000, 42000, 160, N'Thực phẩm'),
('h8000008-0008-0008-0008-0008-000000016', 'SP016', N'Đường trắng 1kg', N'Đường tinh luyện', N'Túi', 15000, 22000, 250, N'Thực phẩm'),
('h8000008-0008-0008-0008-0008-000000017', 'SP017', N'Muối i-ốt 500g', N'Muối ăn có i-ốt', N'Túi', 5000, 8000, 300, N'Thực phẩm'),
('h8000008-0008-0008-0008-0008-000000018', 'SP018', N'Hạt nêm Knorr 400g', N'Hạt nêm thịt heo', N'Hộp', 28000, 38000, 200, N'Thực phẩm'),
('h8000008-0008-0008-0008-0008-000000019', 'SP019', N'Bột ngọt Ajinomoto 500g', N'Bột ngọt', N'Túi', 18000, 25000, 220, N'Thực phẩm'),
('h8000008-0008-0008-0008-0008-000000020', 'SP020', N'Tương ớt Cholimex 250g', N'Tương ớt cay', N'Chai', 8000, 12000, 180, N'Thực phẩm'),
('h8000008-0008-0008-0008-0008-000000021', 'SP021', N'Tương cà Chinsu 250g', N'Tương cà chua', N'Chai', 10000, 15000, 200, N'Thực phẩm'),
-- Đồ khô và mì gói
('h8000008-0008-0008-0008-000000000004', 'SP004', N'Mì Hảo Hảo tôm chua cay 75g', N'Mì gói', N'Gói', 3500, 4500, 500, N'Đồ khô'),
('h8000008-0008-0008-0008-0008-000000022', 'SP022', N'Mì tôm Hảo Hảo chua cay 75g', N'Mì gói vị chua cay', N'Gói', 3500, 4500, 480, N'Đồ khô'),
('h8000008-0008-0008-0008-0008-000000023', 'SP023', N'Mì tôm Omachi 75g', N'Mì tôm Hàn Quốc', N'Gói', 5500, 7500, 350, N'Đồ khô'),
('h8000008-0008-0008-0008-0008-000000024', 'SP024', N'Mì tôm Kokomi 75g', N'Mì tôm vị tôm', N'Gói', 4000, 5500, 400, N'Đồ khô'),
('h8000008-0008-0008-0008-0008-000000025', 'SP025', N'Bánh quy Cosy 200g', N'Bánh quy bơ', N'Hộp', 18000, 25000, 150, N'Đồ khô'),
('h8000008-0008-0008-0008-0008-000000026', 'SP026', N'Bánh snack Poca 60g', N'Snack khoai tây', N'Túi', 8000, 12000, 200, N'Đồ khô'),
('h8000008-0008-0008-0008-0008-000000027', 'SP027', N'Bánh Oreo 126g', N'Bánh quy kem', N'Hộp', 25000, 35000, 180, N'Đồ khô'),
('h8000008-0008-0008-0008-0008-000000028', 'SP028', N'Kẹo dẻo Haribo 200g', N'Kẹo dẻo trái cây', N'Túi', 35000, 48000, 120, N'Đồ khô'),
('h8000008-0008-0008-0008-0008-000000029', 'SP029', N'Bánh gạo Hàn Quốc 200g', N'Bánh gạo giòn', N'Túi', 28000, 38000, 100, N'Đồ khô'),
('h8000008-0008-0008-0008-0008-000000030', 'SP030', N'Đậu phộng rang muối 200g', N'Đậu phộng rang', N'Túi', 15000, 22000, 180, N'Đồ khô'),
-- Sữa và Trứng
('h8000008-0008-0008-0008-000000000003', 'SP003', N'Sữa Vinamilk 1L', N'Sữa tươi tiệt trùng', N'Hộp', 22000, 28000, 300, N'Sữa - Trứng'),
('h8000008-0008-0008-0008-000000000006', 'SP006', N'Trứng gà 10 quả', N'Trứng gà tươi', N'Vỉ', 28000, 35000, 100, N'Sữa - Trứng'),
('h8000008-0008-0008-0008-0008-000000031', 'SP031', N'Sữa tươi TH True Milk 1L', N'Sữa tươi không đường', N'Hộp', 25000, 32000, 250, N'Sữa - Trứng'),
('h8000008-0008-0008-0008-0008-000000032', 'SP032', N'Sữa chua Vinamilk có đường 100g', N'Sữa chua', N'Hộp', 5000, 7000, 400, N'Sữa - Trứng'),
('h8000008-0008-0008-0008-0008-000000033', 'SP033', N'Sữa chua Probi 100g', N'Sữa chua lợi khuẩn', N'Hộp', 6000, 8500, 350, N'Sữa - Trứng'),
('h8000008-0008-0008-0008-0008-000000034', 'SP034', N'Phô mai Con Bò Cười 120g', N'Phô mai', N'Hộp', 35000, 48000, 120, N'Sữa - Trứng'),
('h8000008-0008-0008-0008-0008-000000035', 'SP035', N'Bơ Anchor 250g', N'Bơ động vật', N'Hộp', 45000, 62000, 100, N'Sữa - Trứng'),
('h8000008-0008-0008-0008-0008-000000036', 'SP036', N'Trứng vịt 10 quả', N'Trứng vịt tươi', N'Vỉ', 25000, 32000, 80, N'Sữa - Trứng'),
('h8000008-0008-0008-0008-0008-000000037', 'SP037', N'Sữa đặc Ông Thọ 380g', N'Sữa đặc có đường', N'Hộp', 18000, 25000, 200, N'Sữa - Trứng'),
('h8000008-0008-0008-0008-0008-000000038', 'SP038', N'Sữa bột Dielac 400g', N'Sữa bột trẻ em', N'Hộp', 120000, 160000, 60, N'Sữa - Trứng'),
-- Đồ uống
('h8000008-0008-0008-0008-000000000005', 'SP005', N'Nước suối Lavie 500ml', N'Nước suối thiên nhiên', N'Chai', 2000, 3500, 600, N'Đồ uống'),
('h8000008-0008-0008-0008-000000000007', 'SP007', N'Coca Cola 330ml', N'Nước ngọt có ga', N'Lon', 6500, 8500, 400, N'Đồ uống'),
('h8000008-0008-0008-0008-0008-000000039', 'SP039', N'Pepsi 330ml', N'Nước ngọt có ga', N'Lon', 6500, 8500, 380, N'Đồ uống'),
('h8000008-0008-0008-0008-0008-000000040', 'SP040', N'7Up 330ml', N'Nước ngọt có ga', N'Lon', 6500, 8500, 350, N'Đồ uống'),
('h8000008-0008-0008-0008-0008-000000041', 'SP041', N'Nước tăng lực Red Bull 250ml', N'Nước tăng lực', N'Lon', 12000, 18000, 200, N'Đồ uống'),
('h8000008-0008-0008-0008-0008-000000042', 'SP042', N'Nước cam ép Tropicana 1L', N'Nước cam ép', N'Chai', 35000, 48000, 150, N'Đồ uống'),
('h8000008-0008-0008-0008-0008-000000043', 'SP043', N'Nước dừa tươi 330ml', N'Nước dừa đóng chai', N'Chai', 8000, 12000, 180, N'Đồ uống'),
('h8000008-0008-0008-0008-0008-000000044', 'SP044', N'Trà xanh không độ 500ml', N'Trà xanh', N'Chai', 8000, 12000, 250, N'Đồ uống'),
('h8000008-0008-0008-0008-0008-000000045', 'SP045', N'Cà phê hòa tan G7 3in1 25g', N'Cà phê hòa tan', N'Gói', 3000, 4500, 500, N'Đồ uống'),
('h8000008-0008-0008-0008-0008-000000046', 'SP046', N'Trà Lipton túi lọc 25 túi', N'Trà túi lọc', N'Hộp', 35000, 48000, 120, N'Đồ uống'),
('h8000008-0008-0008-0008-0008-000000047', 'SP047', N'Sữa đậu nành Vinasoy 1L', N'Sữa đậu nành', N'Chai', 15000, 22000, 200, N'Đồ uống'),
('h8000008-0008-0008-0008-0008-000000048', 'SP048', N'Nước yến sào Sanest 70ml', N'Nước yến', N'Chai', 25000, 35000, 100, N'Đồ uống'),
-- Rau củ quả
('h8000008-0008-0008-0008-0008-000000049', 'SP049', N'Cà chua', N'Cà chua tươi', N'kg', 15000, 25000, 50, N'Rau củ'),
('h8000008-0008-0008-0008-0008-000000050', 'SP050', N'Khoai tây', N'Khoai tây tươi', N'kg', 12000, 20000, 60, N'Rau củ'),
('h8000008-0008-0008-0008-0008-000000051', 'SP051', N'Cà rốt', N'Cà rốt tươi', N'kg', 18000, 28000, 45, N'Rau củ'),
('h8000008-0008-0008-0008-0008-000000052', 'SP052', N'Bắp cải', N'Bắp cải tươi', N'kg', 10000, 18000, 40, N'Rau củ'),
('h8000008-0008-0008-0008-0008-000000053', 'SP053', N'Rau muống', N'Rau muống tươi', N'Bó', 5000, 8000, 80, N'Rau củ'),
('h8000008-0008-0008-0008-0008-000000054', 'SP054', N'Rau cải ngọt', N'Rau cải tươi', N'Bó', 6000, 10000, 70, N'Rau củ'),
('h8000008-0008-0008-0008-0008-000000055', 'SP055', N'Ớt chuông đỏ', N'Ớt chuông tươi', N'kg', 35000, 55000, 30, N'Rau củ'),
('h8000008-0008-0008-0008-0008-000000056', 'SP056', N'Hành tây', N'Hành tây tươi', N'kg', 15000, 25000, 50, N'Rau củ'),
('h8000008-0008-0008-0008-0008-000000057', 'SP057', N'Tỏi', N'Tỏi tươi', N'kg', 40000, 60000, 35, N'Rau củ'),
('h8000008-0008-0008-0008-0008-000000058', 'SP058', N'Gừng', N'Gừng tươi', N'kg', 30000, 45000, 40, N'Rau củ'),
('h8000008-0008-0008-0008-0008-000000059', 'SP059', N'Chuối tiêu', N'Chuối chín', N'nải', 15000, 25000, 60, N'Trái cây'),
('h8000008-0008-0008-0008-0008-000000060', 'SP060', N'Táo đỏ', N'Táo nhập khẩu', N'kg', 45000, 70000, 40, N'Trái cây'),
('h8000008-0008-0008-0008-0008-000000061', 'SP061', N'Cam sành', N'Cam Việt Nam', N'kg', 25000, 40000, 50, N'Trái cây'),
('h8000008-0008-0008-0008-0008-000000062', 'SP062', N'Nho xanh', N'Nho nhập khẩu', N'kg', 80000, 120000, 25, N'Trái cây'),
('h8000008-0008-0008-0008-0008-000000063', 'SP063', N'Dưa hấu', N'Dưa hấu tươi', N'quả', 20000, 35000, 30, N'Trái cây'),
-- Thịt cá
('h8000008-0008-0008-0008-0008-000000064', 'SP064', N'Thịt heo ba chỉ', N'Thịt heo tươi', N'kg', 120000, 180000, 20, N'Thịt cá'),
('h8000008-0008-0008-0008-0008-000000065', 'SP065', N'Thịt heo nạc', N'Thịt heo tươi', N'kg', 140000, 200000, 25, N'Thịt cá'),
('h8000008-0008-0008-0008-0008-000000066', 'SP066', N'Thịt bò', N'Thịt bò tươi', N'kg', 250000, 350000, 15, N'Thịt cá'),
('h8000008-0008-0008-0008-0008-000000067', 'SP067', N'Thịt gà nguyên con', N'Gà tươi', N'con', 80000, 120000, 30, N'Thịt cá'),
('h8000008-0008-0008-0008-0008-000000068', 'SP068', N'Cá basa fillet', N'Cá basa tươi', N'kg', 80000, 120000, 25, N'Thịt cá'),
('h8000008-0008-0008-0008-0008-000000069', 'SP069', N'Tôm sú', N'Tôm tươi', N'kg', 200000, 280000, 20, N'Thịt cá'),
('h8000008-0008-0008-0008-0008-000000070', 'SP070', N'Mực tươi', N'Mực nguyên con', N'kg', 150000, 220000, 18, N'Thịt cá'),
('h8000008-0008-0008-0008-0008-000000071', 'SP071', N'Cá ngừ đóng hộp', N'Cá ngừ hộp', N'Hộp', 25000, 38000, 100, N'Thịt cá'),
-- Vệ sinh và chăm sóc
('h8000008-0008-0008-0008-000000000008', 'SP008', N'Bột giặt Omo 3.8kg', N'Bột giặt', N'Túi', 120000, 155000, 80, N'Vệ sinh'),
('h8000008-0008-0008-0008-0008-000000072', 'SP072', N'Bột giặt Tide 3.8kg', N'Bột giặt', N'Túi', 130000, 165000, 75, N'Vệ sinh'),
('h8000008-0008-0008-0008-0008-000000073', 'SP073', N'Nước rửa chén Sunlight 900ml', N'Nước rửa chén', N'Chai', 25000, 35000, 150, N'Vệ sinh'),
('h8000008-0008-0008-0008-0008-000000074', 'SP074', N'Nước lau sàn Vim 900ml', N'Nước lau sàn', N'Chai', 28000, 40000, 120, N'Vệ sinh'),
('h8000008-0008-0008-0008-0008-000000075', 'SP075', N'Giấy vệ sinh Double A 10 cuộn', N'Giấy vệ sinh', N'Gói', 45000, 65000, 100, N'Vệ sinh'),
('h8000008-0008-0008-0008-0008-000000076', 'SP076', N'Khăn giấy ướt Pampers 80 tờ', N'Khăn giấy ướt', N'Túi', 35000, 50000, 80, N'Vệ sinh'),
('h8000008-0008-0008-0008-0008-000000077', 'SP077', N'Bàn chải đánh răng P/S', N'Bàn chải đánh răng', N'Cái', 15000, 25000, 150, N'Vệ sinh'),
('h8000008-0008-0008-0008-0008-000000078', 'SP078', N'Kem đánh răng P/S 120g', N'Kem đánh răng', N'Tuýp', 25000, 38000, 200, N'Vệ sinh'),
('h8000008-0008-0008-0008-0008-000000079', 'SP079', N'Dầu gội Clear 400ml', N'Dầu gội đầu', N'Chai', 45000, 65000, 120, N'Vệ sinh'),
('h8000008-0008-0008-0008-0008-000000080', 'SP080', N'Sữa tắm Lifebuoy 750ml', N'Sữa tắm', N'Chai', 35000, 50000, 130, N'Vệ sinh'),
('h8000008-0008-0008-0008-0008-000000081', 'SP081', N'Nước rửa tay Lifebuoy 250ml', N'Nước rửa tay', N'Chai', 18000, 28000, 180, N'Vệ sinh'),
-- Đồ gia dụng
('h8000008-0008-0008-0008-0008-000000082', 'SP082', N'Túi nilon lớn', N'Túi đựng đồ', N'Cuộn', 15000, 25000, 200, N'Gia dụng'),
('h8000008-0008-0008-0008-0008-000000083', 'SP083', N'Túi nilon nhỏ', N'Túi đựng đồ', N'Cuộn', 10000, 18000, 250, N'Gia dụng'),
('h8000008-0008-0008-0008-0008-000000084', 'SP084', N'Giấy bạc bọc thức ăn 30cm', N'Giấy bạc', N'Cuộn', 20000, 32000, 100, N'Gia dụng'),
('h8000008-0008-0008-0008-0008-000000085', 'SP085', N'Màng bọc thực phẩm 30cm', N'Màng bọc', N'Cuộn', 18000, 28000, 120, N'Gia dụng'),
('h8000008-0008-0008-0008-0008-000000086', 'SP086', N'Đũa tre 10 đôi', N'Đũa ăn', N'Bộ', 15000, 25000, 150, N'Gia dụng'),
('h8000008-0008-0008-0008-0008-000000087', 'SP087', N'Thìa nhựa 10 cái', N'Thìa ăn', N'Bộ', 12000, 20000, 180, N'Gia dụng'),
('h8000008-0008-0008-0008-0008-000000088', 'SP088', N'Ly nhựa 500ml', N'Ly uống nước', N'Cái', 5000, 8000, 300, N'Gia dụng'),
('h8000008-0008-0008-0008-0008-000000089', 'SP089', N'Chén nhựa', N'Chén ăn', N'Cái', 8000, 12000, 250, N'Gia dụng'),
('h8000008-0008-0008-0008-0008-000000090', 'SP090', N'Khăn lau bếp', N'Khăn lau', N'Cái', 15000, 25000, 200, N'Gia dụng'),
-- Thêm sản phẩm mới
('h8000008-0008-0008-0008-0008-000000091', 'SP091', N'Gạo nếp thơm 2kg', N'Gạo nếp chất lượng cao', N'Bao', 40000, 52000, 120, N'Thực phẩm'),
('h8000008-0008-0008-0008-0008-000000092', 'SP092', N'Bột chiên giòn 500g', N'Bột chiên giòn', N'Túi', 15000, 22000, 150, N'Thực phẩm'),
('h8000008-0008-0008-0008-0008-000000093', 'SP093', N'Bột nêm Knorr 900g', N'Bột nêm đa dụng', N'Hộp', 45000, 62000, 100, N'Thực phẩm'),
('h8000008-0008-0008-0008-0008-000000094', 'SP094', N'Tương đen Cholimex 250g', N'Tương đen', N'Chai', 12000, 18000, 180, N'Thực phẩm'),
('h8000008-0008-0008-0008-0008-000000095', 'SP095', N'Mì tôm 3 Miền 75g', N'Mì gói', N'Gói', 4000, 5500, 400, N'Đồ khô'),
('h8000008-0008-0008-0008-0008-000000096', 'SP096', N'Mì tôm Cung Đình 75g', N'Mì gói', N'Gói', 4500, 6000, 350, N'Đồ khô'),
('h8000008-0008-0008-0008-0008-000000097', 'SP097', N'Bánh tráng nướng 200g', N'Bánh tráng', N'Túi', 18000, 25000, 200, N'Đồ khô'),
('h8000008-0008-0008-0008-0008-000000098', 'SP098', N'Bánh phồng tôm 200g', N'Bánh phồng tôm', N'Túi', 25000, 35000, 150, N'Đồ khô'),
('h8000008-0008-0008-0008-0008-000000099', 'SP099', N'Kẹo sữa Milky 200g', N'Kẹo sữa', N'Túi', 20000, 30000, 200, N'Đồ khô'),
('h8000008-0008-0008-0008-0008-000000100', 'SP100', N'Sữa tươi Dutch Lady 1L', N'Sữa tươi', N'Hộp', 24000, 32000, 250, N'Sữa - Trứng'),
('h8000008-0008-0008-0008-0008-000000101', 'SP101', N'Sữa chua Yakult 5 chai', N'Sữa chua lợi khuẩn', N'Hộp', 25000, 35000, 300, N'Sữa - Trứng'),
('h8000008-0008-0008-0008-0008-000000102', 'SP102', N'Phô mai Laughing Cow 120g', N'Phô mai', N'Hộp', 38000, 52000, 100, N'Sữa - Trứng'),
('h8000008-0008-0008-0008-0008-000000103', 'SP103', N'Bơ thực vật Tường An 250g', N'Bơ thực vật', N'Hộp', 30000, 42000, 150, N'Sữa - Trứng'),
('h8000008-0008-0008-0008-0008-000000104', 'SP104', N'Trứng gà ta 10 quả', N'Trứng gà ta', N'Vỉ', 35000, 45000, 80, N'Sữa - Trứng'),
('h8000008-0008-0008-0008-0008-000000105', 'SP105', N'Fanta cam 330ml', N'Nước ngọt có ga', N'Lon', 6500, 8500, 350, N'Đồ uống'),
('h8000008-0008-0008-0008-0008-000000106', 'SP106', N'Sprite 330ml', N'Nước ngọt có ga', N'Lon', 6500, 8500, 340, N'Đồ uống'),
('h8000008-0008-0008-0008-0008-000000107', 'SP107', N'Nước suối Aquafina 500ml', N'Nước suối', N'Chai', 3000, 4500, 500, N'Đồ uống'),
('h8000008-0008-0008-0008-0008-000000108', 'SP108', N'Trà xanh C2 500ml', N'Trà xanh', N'Chai', 10000, 15000, 200, N'Đồ uống'),
('h8000008-0008-0008-0008-0008-000000109', 'SP109', N'Cà phê Trung Nguyên 3in1 25g', N'Cà phê hòa tan', N'Gói', 4000, 6000, 400, N'Đồ uống'),
('h8000008-0008-0008-0008-0008-000000110', 'SP110', N'Nước ép dứa 1L', N'Nước ép trái cây', N'Chai', 30000, 42000, 120, N'Đồ uống'),
('h8000008-0008-0008-0008-0008-000000111', 'SP111', N'Rau cải xanh', N'Rau cải tươi', N'Bó', 7000, 12000, 60, N'Rau củ'),
('h8000008-0008-0008-0008-0008-000000112', 'SP112', N'Rau mồng tơi', N'Rau mồng tơi tươi', N'Bó', 8000, 13000, 50, N'Rau củ'),
('h8000008-0008-0008-0008-0008-000000113', 'SP113', N'Rau dền', N'Rau dền tươi', N'Bó', 6000, 10000, 55, N'Rau củ'),
('h8000008-0008-0008-0008-0008-000000114', 'SP114', N'Bí đỏ', N'Bí đỏ tươi', N'kg', 12000, 20000, 40, N'Rau củ'),
('h8000008-0008-0008-0008-0008-000000115', 'SP115', N'Bí xanh', N'Bí xanh tươi', N'kg', 10000, 18000, 45, N'Rau củ'),
('h8000008-0008-0008-0008-0008-000000116', 'SP116', N'Đậu que', N'Đậu que tươi', N'kg', 20000, 30000, 35, N'Rau củ'),
('h8000008-0008-0008-0008-0008-000000117', 'SP117', N'Đậu bắp', N'Đậu bắp tươi', N'kg', 18000, 28000, 30, N'Rau củ'),
('h8000008-0008-0008-0008-0008-000000118', 'SP118', N'Ớt xanh', N'Ớt xanh tươi', N'kg', 25000, 40000, 25, N'Rau củ'),
('h8000008-0008-0008-0008-0008-000000119', 'SP119', N'Ớt hiểm', N'Ớt hiểm tươi', N'kg', 30000, 50000, 20, N'Rau củ'),
('h8000008-0008-0008-0008-0008-000000120', 'SP120', N'Xoài chín', N'Xoài tươi', N'kg', 30000, 50000, 40, N'Trái cây'),
('h8000008-0008-0008-0008-0008-000000121', 'SP121', N'Ổi', N'Ổi tươi', N'kg', 20000, 35000, 45, N'Trái cây'),
('h8000008-0008-0008-0008-0008-000000122', 'SP122', N'Thanh long', N'Thanh long tươi', N'kg', 25000, 40000, 35, N'Trái cây'),
('h8000008-0008-0008-0008-0008-000000123', 'SP123', N'Dưa lưới', N'Dưa lưới tươi', N'quả', 30000, 50000, 20, N'Trái cây'),
('h8000008-0008-0008-0008-0008-000000124', 'SP124', N'Dứa', N'Dứa tươi', N'quả', 15000, 25000, 30, N'Trái cây'),
('h8000008-0008-0008-0008-0008-000000125', 'SP125', N'Thịt heo đùi', N'Thịt heo tươi', N'kg', 110000, 170000, 22, N'Thịt cá'),
('h8000008-0008-0008-0008-0008-000000126', 'SP126', N'Thịt heo sườn', N'Thịt heo tươi', N'kg', 130000, 190000, 18, N'Thịt cá'),
('h8000008-0008-0008-0008-0008-000000127', 'SP127', N'Thịt bò thăn', N'Thịt bò tươi', N'kg', 280000, 380000, 12, N'Thịt cá'),
('h8000008-0008-0008-0008-0008-000000128', 'SP128', N'Thịt bò gân', N'Thịt bò tươi', N'kg', 200000, 300000, 15, N'Thịt cá'),
('h8000008-0008-0008-0008-0008-000000129', 'SP129', N'Thịt gà đùi', N'Gà tươi', N'kg', 70000, 100000, 25, N'Thịt cá'),
('h8000008-0008-0008-0008-0008-000000130', 'SP130', N'Thịt gà cánh', N'Gà tươi', N'kg', 60000, 90000, 28, N'Thịt cá'),
('h8000008-0008-0008-0008-0008-000000131', 'SP131', N'Cá tra fillet', N'Cá tra tươi', N'kg', 70000, 110000, 22, N'Thịt cá'),
('h8000008-0008-0008-0008-0008-000000132', 'SP132', N'Cá lóc', N'Cá lóc tươi', N'kg', 90000, 140000, 20, N'Thịt cá'),
('h8000008-0008-0008-0008-0008-000000133', 'SP133', N'Tôm thẻ', N'Tôm tươi', N'kg', 180000, 250000, 18, N'Thịt cá'),
('h8000008-0008-0008-0008-0008-000000134', 'SP134', N'Cua biển', N'Cua tươi', N'kg', 250000, 350000, 15, N'Thịt cá'),
('h8000008-0008-0008-0008-0008-000000135', 'SP135', N'Nghêu', N'Nghêu tươi', N'kg', 40000, 60000, 30, N'Thịt cá'),
('h8000008-0008-0008-0008-0008-000000136', 'SP136', N'Bột giặt Ariel 3.8kg', N'Bột giặt', N'Túi', 125000, 160000, 70, N'Vệ sinh'),
('h8000008-0008-0008-0008-0008-000000137', 'SP137', N'Nước rửa chén Sunlight chanh 900ml', N'Nước rửa chén', N'Chai', 26000, 36000, 140, N'Vệ sinh'),
('h8000008-0008-0008-0008-0008-000000138', 'SP138', N'Nước lau kính Mr Muscle 500ml', N'Nước lau kính', N'Chai', 30000, 45000, 100, N'Vệ sinh'),
('h8000008-0008-0008-0008-0008-000000139', 'SP139', N'Giấy vệ sinh Paseo 10 cuộn', N'Giấy vệ sinh', N'Gói', 50000, 70000, 90, N'Vệ sinh'),
('h8000008-0008-0008-0008-0008-000000140', 'SP140', N'Khăn giấy ướt Huggies 80 tờ', N'Khăn giấy ướt', N'Túi', 40000, 58000, 70, N'Vệ sinh'),
('h8000008-0008-0008-0008-0008-000000141', 'SP141', N'Bàn chải đánh răng Colgate', N'Bàn chải đánh răng', N'Cái', 18000, 28000, 140, N'Vệ sinh'),
('h8000008-0008-0008-0008-0008-000000142', 'SP142', N'Kem đánh răng Colgate 120g', N'Kem đánh răng', N'Tuýp', 28000, 40000, 180, N'Vệ sinh'),
('h8000008-0008-0008-0008-0008-000000143', 'SP143', N'Dầu gội Head & Shoulders 400ml', N'Dầu gội đầu', N'Chai', 50000, 70000, 110, N'Vệ sinh'),
('h8000008-0008-0008-0008-0008-000000144', 'SP144', N'Sữa tắm Dove 750ml', N'Sữa tắm', N'Chai', 40000, 58000, 120, N'Vệ sinh'),
('h8000008-0008-0008-0008-0008-000000145', 'SP145', N'Nước rửa tay Lifebuoy 500ml', N'Nước rửa tay', N'Chai', 25000, 38000, 160, N'Vệ sinh'),
('h8000008-0008-0008-0008-0008-000000146', 'SP146', N'Túi nilon siêu lớn', N'Túi đựng đồ', N'Cuộn', 20000, 30000, 180, N'Gia dụng'),
('h8000008-0008-0008-0008-0008-000000147', 'SP147', N'Túi zip 20x25cm', N'Túi zip', N'Túi', 15000, 25000, 200, N'Gia dụng'),
('h8000008-0008-0008-0008-0008-000000148', 'SP148', N'Giấy bạc 30cm x 30m', N'Giấy bạc', N'Cuộn', 25000, 38000, 90, N'Gia dụng'),
('h8000008-0008-0008-0008-0008-000000149', 'SP149', N'Màng bọc thực phẩm 30cm x 30m', N'Màng bọc', N'Cuộn', 20000, 32000, 110, N'Gia dụng'),
('h8000008-0008-0008-0008-0008-000000150', 'SP150', N'Đũa tre cao cấp 10 đôi', N'Đũa ăn', N'Bộ', 20000, 30000, 130, N'Gia dụng');

-- ============================================
-- 14. tblImportSlip
-- ============================================
INSERT IGNORE INTO tblImportSlip (id, date, totalPrice, tblSupplierId, tblWarehouseStaffId) VALUES
('i9000009-0009-0009-0009-000000000001', '2025-01-15', 25000000, 'g7000007-0007-0007-0007-000000000001', 'f6000006-0006-0006-0006-000000000002'),
('i9000009-0009-0009-0009-000000000002', '2025-01-18', 15000000, 'g7000007-0007-0007-0007-000000000002', 'f6000006-0006-0006-0006-000000000002'),
('i9000009-0009-0009-0009-000000000003', '2025-01-20', 18000000, 'g7000007-0007-0007-0007-000000000003', 'f6000006-0006-0006-0006-000000000002'),
('i9000009-0009-0009-0009-000000000004', '2025-01-22', 22000000, 'g7000007-0007-0007-0007-000000000004', 'f6000006-0006-0006-0006-000000000002'),
('i9000009-0009-0009-0009-000000000005', '2025-01-24', 30000000, 'g7000007-0007-0007-0007-000000000005', 'f6000006-0006-0006-0006-000000000002'),
('i9000009-0009-0009-0009-000000000006', '2025-01-25', 12000000, 'g7000007-0007-0007-0007-000000000006', 'f6000006-0006-0006-0006-000000000002'),
('i9000009-0009-0009-0009-000000000007', '2025-01-26', 16000000, 'g7000007-0007-0007-0007-000000000007', 'f6000006-0006-0006-0006-000000000002'),
('i9000009-0009-0009-0009-000000000008', '2025-01-27', 14000000, 'g7000007-0007-0007-0007-000000000008', 'f6000006-0006-0006-0006-000000000002'),
('i9000009-0009-0009-0009-000000000009', '2025-01-28', 20000000, 'g7000007-0007-0007-0007-000000000009', 'f6000006-0006-0006-0006-000000000002'),
('i9000009-0009-0009-0009-000000000010', '2025-01-29', 11000000, 'g7000007-0007-0007-0007-000000000010', 'f6000006-0006-0006-0006-000000000002');

-- ============================================
-- 15. tblImportSlipDetail
-- ============================================
INSERT IGNORE INTO tblImportSlipDetail (id, quantity, price, tblImportSlipId, tblProductId) VALUES
(UUID(), 100, 95000, 'i9000009-0009-0009-0009-000000000001', 'h8000008-0008-0008-0008-000000000001'),
(UUID(), 80, 45000, 'i9000009-0009-0009-0009-000000000001', 'h8000008-0008-0008-0008-000000000002'),
(UUID(), 200, 22000, 'i9000009-0009-0009-0009-000000000002', 'h8000008-0008-0008-0008-000000000003'),
(UUID(), 300, 3500, 'i9000009-0009-0009-0009-000000000002', 'h8000008-0008-0008-0008-000000000004'),
(UUID(), 150, 85000, 'i9000009-0009-0009-0009-000000000003', 'h8000008-0008-0008-0008-000000000009'),
(UUID(), 100, 42000, 'i9000009-0009-0009-0009-000000000003', 'h8000008-0008-0008-0008-000000000013'),
(UUID(), 250, 25000, 'i9000009-0009-0009-0009-000000000004', 'h8000008-0008-0008-0008-000000000014'),
(UUID(), 200, 30000, 'i9000009-0009-0009-0009-000000000004', 'h8000008-0008-0008-0008-000000000015'),
(UUID(), 300, 24000, 'i9000009-0009-0009-0009-000000000005', 'h8000008-0008-0008-0008-000000000031'),
(UUID(), 150, 25000, 'i9000009-0009-0009-0009-000000000005', 'h8000008-0008-0008-0008-000000000032'),
(UUID(), 200, 6500, 'i9000009-0009-0009-0009-000000000006', 'h8000008-0008-0008-0008-000000000007'),
(UUID(), 150, 8000, 'i9000009-0009-0009-0009-000000000006', 'h8000008-0008-0008-0008-000000000044'),
(UUID(), 100, 15000, 'i9000009-0009-0009-0009-000000000007', 'h8000008-0008-0008-0008-000000000047'),
(UUID(), 80, 35000, 'i9000009-0009-0009-0009-000000000007', 'h8000008-0008-0008-0008-000000000046'),
(UUID(), 50, 15000, 'i9000009-0009-0009-0009-000000000008', 'h8000008-0008-0008-0008-0008-000000049'),
(UUID(), 60, 12000, 'i9000009-0009-0009-0009-000000000008', 'h8000008-0008-0008-0008-0008-000000050'),
(UUID(), 30, 120000, 'i9000009-0009-0009-0009-000000000009', 'h8000008-0008-0008-0008-0008-000000064'),
(UUID(), 25, 140000, 'i9000009-0009-0009-0009-000000000009', 'h8000008-0008-0008-0008-0008-000000065'),
(UUID(), 100, 120000, 'i9000009-0009-0009-0009-000000000010', 'h8000008-0008-0008-0008-000000000008'),
(UUID(), 80, 25000, 'i9000009-0009-0009-0009-000000000010', 'h8000008-0008-0008-0008-0008-000000073');

-- ============================================
-- 16. tblCart
-- ============================================
INSERT IGNORE INTO tblCart (id, totalPrice, tblCustomerId) VALUES
('j1111111-1111-1111-1111-111111111101', 183000, 'd4000004-0004-0004-0004-000000000001'),
('j1111111-1111-1111-1111-111111111102', 91000, 'd4000004-0004-0004-0004-000000000002'),
('j1111111-1111-1111-1111-111111111103', 245000, 'd4000004-0004-0004-0004-000000000003'),
('j1111111-1111-1111-1111-111111111104', 156000, 'd4000004-0004-0004-0004-000000000004'),
('j1111111-1111-1111-1111-111111111105', 189000, 'd4000004-0004-0004-0004-000000000005'),
('j1111111-1111-1111-1111-111111111106', 278000, 'd4000004-0004-0004-0004-000000000006'),
('j1111111-1111-1111-1111-111111111107', 134000, 'd4000004-0004-0004-0004-000000000007'),
('j1111111-1111-1111-1111-111111111108', 201000, 'd4000004-0004-0004-0004-000000000008'),
('j1111111-1111-1111-1111-111111111109', 167000, 'd4000004-0004-0004-0004-000000000009'),
('j1111111-1111-1111-1111-111111111110', 223000, 'd4000004-0004-0004-0004-000000000010'),
('j1111111-1111-1111-1111-111111111111', 145000, 'd4000004-0004-0004-0004-000000000011'),
('j1111111-1111-1111-1111-111111111112', 192000, 'd4000004-0004-0004-0004-000000000012'),
('j1111111-1111-1111-1111-111111111113', 178000, 'd4000004-0004-0004-0004-000000000013'),
('j1111111-1111-1111-1111-111111111114', 234000, 'd4000004-0004-0004-0004-000000000014');

-- ============================================
-- 17. tblCartDetail
-- ============================================
INSERT IGNORE INTO tblCartDetail (id, quantity, tblCartId, tblProductId) VALUES
(UUID(), 1, 'j1111111-1111-1111-1111-111111111101', 'h8000008-0008-0008-0008-000000000001'),
(UUID(), 1, 'j1111111-1111-1111-1111-111111111101', 'h8000008-0008-0008-0008-000000000002'),
(UUID(), 2, 'j1111111-1111-1111-1111-111111111102', 'h8000008-0008-0008-0008-000000000003'),
(UUID(), 1, 'j1111111-1111-1111-1111-111111111102', 'h8000008-0008-0008-0008-000000000006'),
(UUID(), 2, 'j1111111-1111-1111-1111-111111111103', 'h8000008-0008-0008-0008-000000000001'),
(UUID(), 1, 'j1111111-1111-1111-1111-111111111103', 'h8000008-0008-0008-0008-000000000003'),
(UUID(), 3, 'j1111111-1111-1111-1111-111111111104', 'h8000008-0008-0008-0008-000000000003'),
(UUID(), 2, 'j1111111-1111-1111-1111-111111111104', 'h8000008-0008-0008-0008-000000000005'),
(UUID(), 1, 'j1111111-1111-1111-1111-111111111105', 'h8000008-0008-0008-0008-000000000009'),
(UUID(), 2, 'j1111111-1111-1111-1111-111111111105', 'h8000008-0008-0008-0008-000000000010'),
(UUID(), 1, 'j1111111-1111-1111-1111-111111111106', 'h8000008-0008-0008-0008-000000000002'),
(UUID(), 2, 'j1111111-1111-1111-1111-111111111106', 'h8000008-0008-0008-0008-000000000003'),
(UUID(), 1, 'j1111111-1111-1111-1111-111111111107', 'h8000008-0008-0008-0008-000000000004'),
(UUID(), 5, 'j1111111-1111-1111-1111-111111111107', 'h8000008-0008-0008-0008-000000000005'),
(UUID(), 1, 'j1111111-1111-1111-1111-111111111108', 'h8000008-0008-0008-0008-000000000007'),
(UUID(), 3, 'j1111111-1111-1111-1111-111111111108', 'h8000008-0008-0008-0008-000000000005'),
(UUID(), 2, 'j1111111-1111-1111-1111-111111111109', 'h8000008-0008-0008-0008-000000000006'),
(UUID(), 1, 'j1111111-1111-1111-1111-111111111109', 'h8000008-0008-0008-0008-000000000008'),
(UUID(), 1, 'j1111111-1111-1111-1111-111111111110', 'h8000008-0008-0008-0008-000000000001'),
(UUID(), 2, 'j1111111-1111-1111-1111-111111111110', 'h8000008-0008-0008-0008-000000000003'),
(UUID(), 1, 'j1111111-1111-1111-1111-111111111110', 'h8000008-0008-0008-0008-000000000006'),
(UUID(), 3, 'j1111111-1111-1111-1111-111111111111', 'h8000008-0008-0008-0008-000000000004'),
(UUID(), 2, 'j1111111-1111-1111-1111-111111111111', 'h8000008-0008-0008-0008-000000000005'),
(UUID(), 1, 'j1111111-1111-1111-1111-111111111112', 'h8000008-0008-0008-0008-000000000002'),
(UUID(), 1, 'j1111111-1111-1111-1111-111111111112', 'h8000008-0008-0008-0008-000000000007'),
(UUID(), 2, 'j1111111-1111-1111-1111-111111111113', 'h8000008-0008-0008-0008-000000000003'),
(UUID(), 1, 'j1111111-1111-1111-1111-111111111113', 'h8000008-0008-0008-0008-000000000006'),
(UUID(), 1, 'j1111111-1111-1111-1111-111111111114', 'h8000008-0008-0008-0008-000000000001'),
(UUID(), 1, 'j1111111-1111-1111-1111-111111111114', 'h8000008-0008-0008-0008-000000000002'),
(UUID(), 1, 'j1111111-1111-1111-1111-111111111114', 'h8000008-0008-0008-0008-000000000003');

-- ============================================
-- 18. tblOnlineOrder
-- ============================================
INSERT IGNORE INTO tblOnlineOrder (id, status, dateTime, shipAddress, totalPrice, tblCustomerId, receiverName, phone) VALUES
('k2222222-2222-2222-2222-222222222201', N'Đã giao', '2025-01-20', N'Số 10 Nguyễn Huệ, Q1, TP.HCM', 128500, 'd4000004-0004-0004-0004-000000000001', N'Nguyễn Văn An', '0901111001'),
('k2222222-2222-2222-2222-222222222202', N'Đang giao', '2025-01-22', N'Số 25 Lê Lợi, Hải Châu, Đà Nẵng', 91000, 'd4000004-0004-0004-0004-000000000003', N'Lê Văn Cường', '0901111003'),
('k2222222-2222-2222-2222-222222222203', N'Mới', '2025-01-25', N'Số 15 Trần Hưng Đạo, Q1, TP.HCM', 245000, 'd4000004-0004-0004-0004-000000000002', N'Trần Thị Bình', '0901111002'),
('k2222222-2222-2222-2222-222222222204', N'Đang xử lý', '2025-01-26', N'Số 20 Lý Thường Kiệt, Hà Nội', 189000, 'd4000004-0004-0004-0004-000000000004', N'Phạm Thị Lan', '0901111008'),
('k2222222-2222-2222-2222-222222222205', N'Đã giao', '2025-01-23', N'Số 30 Nguyễn Văn Cừ, Q5, TP.HCM', 156000, 'd4000004-0004-0004-0004-000000000005', N'Hoàng Văn Minh', '0901111009'),
('k2222222-2222-2222-2222-222222222206', N'Đang giao', '2025-01-27', N'Số 45 Hoàng Diệu, Đà Nẵng', 278000, 'd4000004-0004-0004-0004-000000000006', N'Vũ Thị Hoa', '0901111010'),
('k2222222-2222-2222-2222-222222222207', N'Mới', '2025-01-28', N'Số 12 Láng Hạ, Hà Nội', 134000, 'd4000004-0004-0004-0004-000000000007', N'Đặng Văn Tuấn', '0901111011'),
('k2222222-2222-2222-2222-222222222208', N'Đã giao', '2025-01-24', N'Số 88 Võ Văn Tần, Q3, TP.HCM', 201000, 'd4000004-0004-0004-0004-000000000008', N'Bùi Thị Mai', '0901111012'),
('k2222222-2222-2222-2222-222222222209', N'Đang xử lý', '2025-01-29', N'Số 55 Điện Biên Phủ, Hà Nội', 167000, 'd4000004-0004-0004-0004-000000000009', N'Lý Văn Hùng', '0901111013'),
('k2222222-2222-2222-2222-222222222210', N'Mới', '2025-01-30', N'Số 77 Nguyễn Thị Minh Khai, Q1, TP.HCM', 223000, 'd4000004-0004-0004-0004-000000000010', N'Trương Thị Linh', '0901111014'),
('k2222222-2222-2222-2222-222222222211', N'Đã giao', '2025-01-21', N'Số 33 Lê Duẩn, Đà Nẵng', 145000, 'd4000004-0004-0004-0004-000000000011', N'Nguyễn Văn Hùng', '0901111018'),
('k2222222-2222-2222-2222-222222222212', N'Đang giao', '2025-01-25', N'Số 99 Phạm Văn Đồng, Hà Nội', 192000, 'd4000004-0004-0004-0004-000000000012', N'Trần Thị Mai', '0901111019'),
('k2222222-2222-2222-2222-222222222213', N'Mới', '2025-01-26', N'Số 11 Nguyễn Huệ, Q1, TP.HCM', 178000, 'd4000004-0004-0004-0004-000000000013', N'Lê Văn Đức', '0901111020'),
('k2222222-2222-2222-2222-222222222214', N'Đã giao', '2025-01-22', N'Số 22 Trần Phú, Đà Nẵng', 234000, 'd4000004-0004-0004-0004-000000000014', N'Phạm Thị Hương', '0901111021');

-- ============================================
-- 19. tblOnlineOrderDetail
-- ============================================
INSERT IGNORE INTO tblOnlineOrderDetail (id, quantity, salePrice, tblOnlineOrderId, tblProductId) VALUES
(UUID(), 1, 125000, 'k2222222-2222-2222-2222-222222222201', 'h8000008-0008-0008-0008-000000000001'),
(UUID(), 1, 3500, 'k2222222-2222-2222-2222-222222222201', 'h8000008-0008-0008-0008-000000000005'),
(UUID(), 2, 28000, 'k2222222-2222-2222-2222-222222222202', 'h8000008-0008-0008-0008-000000000003'),
(UUID(), 1, 35000, 'k2222222-2222-2222-2222-222222222202', 'h8000008-0008-0008-0008-000000000006'),
(UUID(), 2, 125000, 'k2222222-2222-2222-2222-222222222203', 'h8000008-0008-0008-0008-000000000001'),
(UUID(), 1, 58000, 'k2222222-2222-2222-2222-222222222203', 'h8000008-0008-0008-0008-000000000002'),
(UUID(), 1, 3500, 'k2222222-2222-2222-2222-222222222203', 'h8000008-0008-0008-0008-000000000005'),
(UUID(), 1, 110000, 'k2222222-2222-2222-2222-222222222204', 'h8000008-0008-0008-0008-000000000009'),
(UUID(), 2, 35000, 'k2222222-2222-2222-2222-222222222204', 'h8000008-0008-0008-0008-000000000006'),
(UUID(), 1, 28000, 'k2222222-2222-2222-2222-222222222204', 'h8000008-0008-0008-0008-000000000003'),
(UUID(), 1, 125000, 'k2222222-2222-2222-2222-222222222205', 'h8000008-0008-0008-0008-000000000001'),
(UUID(), 1, 28000, 'k2222222-2222-2222-2222-222222222205', 'h8000008-0008-0008-0008-000000000003'),
(UUID(), 1, 3500, 'k2222222-2222-2222-2222-222222222205', 'h8000008-0008-0008-0008-000000000005'),
(UUID(), 1, 58000, 'k2222222-2222-2222-2222-222222222206', 'h8000008-0008-0008-0008-000000000002'),
(UUID(), 2, 28000, 'k2222222-2222-2222-2222-222222222206', 'h8000008-0008-0008-0008-000000000003'),
(UUID(), 1, 155000, 'k2222222-2222-2222-2222-222222222206', 'h8000008-0008-0008-0008-000000000008'),
(UUID(), 3, 4500, 'k2222222-2222-2222-2222-222222222207', 'h8000008-0008-0008-0008-000000000004'),
(UUID(), 2, 3500, 'k2222222-2222-2222-2222-222222222207', 'h8000008-0008-0008-0008-000000000005'),
(UUID(), 1, 125000, 'k2222222-2222-2222-2222-222222222207', 'h8000008-0008-0008-0008-000000000001'),
(UUID(), 1, 125000, 'k2222222-2222-2222-2222-222222222208', 'h8000008-0008-0008-0008-000000000001'),
(UUID(), 1, 58000, 'k2222222-2222-2222-2222-222222222208', 'h8000008-0008-0008-0008-000000000002'),
(UUID(), 1, 18000, 'k2222222-2222-2222-2222-222222222208', 'h8000008-0008-0008-0008-0008-000000041'),
(UUID(), 1, 110000, 'k2222222-2222-2222-2222-222222222209', 'h8000008-0008-0008-0008-000000000009'),
(UUID(), 1, 35000, 'k2222222-2222-2222-2222-222222222209', 'h8000008-0008-0008-0008-000000000006'),
(UUID(), 1, 22000, 'k2222222-2222-2222-2222-222222222209', 'h8000008-0008-0008-0008-0008-000000047'),
(UUID(), 1, 125000, 'k2222222-2222-2222-2222-222222222210', 'h8000008-0008-0008-0008-000000000001'),
(UUID(), 1, 58000, 'k2222222-2222-2222-2222-222222222210', 'h8000008-0008-0008-0008-000000000002'),
(UUID(), 1, 40000, 'k2222222-2222-2222-2222-222222222210', 'h8000008-0008-0008-0008-0008-000000061'),
(UUID(), 1, 28000, 'k2222222-2222-2222-2222-222222222211', 'h8000008-0008-0008-0008-000000000003'),
(UUID(), 1, 35000, 'k2222222-2222-2222-2222-222222222211', 'h8000008-0008-0008-0008-000000000006'),
(UUID(), 2, 3500, 'k2222222-2222-2222-2222-222222222211', 'h8000008-0008-0008-0008-000000000005'),
(UUID(), 1, 125000, 'k2222222-2222-2222-2222-222222222212', 'h8000008-0008-0008-0008-000000000001'),
(UUID(), 1, 35000, 'k2222222-2222-2222-2222-222222222212', 'h8000008-0008-0008-0008-000000000006'),
(UUID(), 1, 32000, 'k2222222-2222-2222-2222-222222222212', 'h8000008-0008-0008-0008-0008-000000031'),
(UUID(), 1, 110000, 'k2222222-2222-2222-2222-222222222213', 'h8000008-0008-0008-0008-000000000009'),
(UUID(), 1, 35000, 'k2222222-2222-2222-2222-222222222213', 'h8000008-0008-0008-0008-000000000006'),
(UUID(), 1, 33000, 'k2222222-2222-2222-2222-222222222213', 'h8000008-0008-0008-0008-0008-000000039'),
(UUID(), 1, 125000, 'k2222222-2222-2222-2222-222222222214', 'h8000008-0008-0008-0008-000000000001'),
(UUID(), 1, 58000, 'k2222222-2222-2222-2222-222222222214', 'h8000008-0008-0008-0008-000000000002'),
(UUID(), 1, 51000, 'k2222222-2222-2222-2222-222222222214', 'h8000008-0008-0008-0008-0008-000000055');

-- ============================================
-- 20. tblOnlineBill
-- ============================================
INSERT IGNORE INTO tblOnlineBill (id, tblDeliveryStaffId, tblWarehouseStaffId, tblOnlineOrderId) VALUES
('l3333333-3333-3333-3333-333333333301', 'f6000006-0006-0006-0006-000000000003', 'f6000006-0006-0006-0006-000000000002', 'k2222222-2222-2222-2222-222222222201'),
('l3333333-3333-3333-3333-333333333302', 'f6000006-0006-0006-0006-000000000003', 'f6000006-0006-0006-0006-000000000002', 'k2222222-2222-2222-2222-222222222202'),
('l3333333-3333-3333-3333-333333333303', 'f6000006-0006-0006-0006-000000000003', 'f6000006-0006-0006-0006-000000000002', 'k2222222-2222-2222-2222-222222222205'),
('l3333333-3333-3333-3333-333333333304', 'f6000006-0006-0006-0006-000000000003', 'f6000006-0006-0006-0006-000000000002', 'k2222222-2222-2222-2222-222222222208'),
('l3333333-3333-3333-3333-333333333305', 'f6000006-0006-0006-0006-000000000007', 'f6000006-0006-0006-0006-000000000002', 'k2222222-2222-2222-2222-222222222211'),
('l3333333-3333-3333-3333-333333333306', 'f6000006-0006-0006-0006-000000000007', 'f6000006-0006-0006-0006-000000000002', 'k2222222-2222-2222-2222-222222222214');

-- ============================================
-- 21. tblBill (hóa đơn tại quầy)
-- ============================================
INSERT IGNORE INTO tblBill (id, date, totalPrice, paymentMethod, tblSaleStaffId, tblCustomerId) VALUES
('m4444444-4444-4444-4444-444444444401', '2025-01-21', 210000, N'Tiền mặt', 'f6000006-0006-0006-0006-000000000004', 'd4000004-0004-0004-0004-000000000002'),
('m4444444-4444-4444-4444-444444444402', '2025-01-22', 45500, N'Chuyển khoản', 'f6000006-0006-0006-0006-000000000004', NULL),
('m4444444-4444-4444-4444-444444444403', '2025-01-23', 183000, N'Tiền mặt', 'f6000006-0006-0006-0006-000000000004', 'd4000004-0004-0004-0004-000000000003'),
('m4444444-4444-4444-4444-444444444404', '2025-01-24', 245000, N'Thẻ tín dụng', 'f6000006-0006-0006-0006-000000000004', 'd4000004-0004-0004-0004-000000000004'),
('m4444444-4444-4444-4444-444444444405', '2025-01-25', 156000, N'Tiền mặt', 'f6000006-0006-0006-0006-000000000004', 'd4000004-0004-0004-0004-000000000005'),
('m4444444-4444-4444-4444-444444444406', '2025-01-26', 278000, N'Chuyển khoản', 'f6000006-0006-0006-0006-000000000004', 'd4000004-0004-0004-0004-000000000006'),
('m4444444-4444-4444-4444-444444444407', '2025-01-27', 134000, N'Tiền mặt', 'f6000006-0006-0006-0006-000000000004', NULL),
('m4444444-4444-4444-4444-444444444408', '2025-01-28', 201000, N'Thẻ tín dụng', 'f6000006-0006-0006-0006-000000000004', 'd4000004-0004-0004-0004-000000000008'),
('m4444444-4444-4444-4444-444444444409', '2025-01-29', 167000, N'Tiền mặt', 'f6000006-0006-0006-0006-000000000004', 'd4000004-0004-0004-0004-000000000009'),
('m4444444-4444-4444-4444-444444444410', '2025-01-30', 223000, N'Chuyển khoản', 'f6000006-0006-0006-0006-000000000004', 'd4000004-0004-0004-0004-000000000010'),
('m4444444-4444-4444-4444-444444444411', '2025-01-21', 145000, N'Tiền mặt', 'f6000006-0006-0006-0006-000000000005', 'd4000004-0004-0004-0004-000000000011'),
('m4444444-4444-4444-4444-444444444412', '2025-01-22', 192000, N'Thẻ tín dụng', 'f6000006-0006-0006-0006-000000000005', 'd4000004-0004-0004-0004-000000000012'),
('m4444444-4444-4444-4444-444444444413', '2025-01-23', 178000, N'Tiền mặt', 'f6000006-0006-0006-0006-000000000005', 'd4000004-0004-0004-0004-000000000013'),
('m4444444-4444-4444-4444-444444444414', '2025-01-24', 234000, N'Chuyển khoản', 'f6000006-0006-0006-0006-000000000005', 'd4000004-0004-0004-0004-000000000014');

-- ============================================
-- 22. tblBillDetail
-- ============================================
INSERT IGNORE INTO tblBillDetail (id, quantity, price, tblBillId, tblProductId) VALUES
-- Bill 1
(UUID(), 1, 125000, 'm4444444-4444-4444-4444-444444444401', 'h8000008-0008-0008-0008-000000000001'),
(UUID(), 1, 58000, 'm4444444-4444-4444-4444-444444444401', 'h8000008-0008-0008-0008-000000000002'),
(UUID(), 1, 27000, 'm4444444-4444-4444-4444-444444444401', 'h8000008-0008-0008-0008-000000000005'),
-- Bill 2
(UUID(), 7, 4500, 'm4444444-4444-4444-4444-444444444402', 'h8000008-0008-0008-0008-000000000004'),
(UUID(), 4, 3500, 'm4444444-4444-4444-4444-444444444402', 'h8000008-0008-0008-0008-000000000005'),
-- Bill 3
(UUID(), 1, 125000, 'm4444444-4444-4444-4444-444444444403', 'h8000008-0008-0008-0008-000000000001'),
(UUID(), 1, 58000, 'm4444444-4444-4444-4444-444444444403', 'h8000008-0008-0008-0008-000000000002'),
-- Bill 4
(UUID(), 1, 125000, 'm4444444-4444-4444-4444-444444444404', 'h8000008-0008-0008-0008-000000000001'),
(UUID(), 1, 110000, 'm4444444-4444-4444-4444-444444444404', 'h8000008-0008-0008-0008-000000000009'),
(UUID(), 1, 10000, 'm4444444-4444-4444-4444-444444444404', 'h8000008-0008-0008-0008-0008-000000021'),
-- Bill 5
(UUID(), 1, 125000, 'm4444444-4444-4444-4444-444444444405', 'h8000008-0008-0008-0008-000000000001'),
(UUID(), 1, 28000, 'm4444444-4444-4444-4444-444444444405', 'h8000008-0008-0008-0008-000000000003'),
(UUID(), 1, 3000, 'm4444444-4444-4444-4444-444444444405', 'h8000008-0008-0008-0008-0008-000000045'),
-- Bill 6
(UUID(), 1, 58000, 'm4444444-4444-4444-4444-444444444406', 'h8000008-0008-0008-0008-000000000002'),
(UUID(), 2, 28000, 'm4444444-4444-4444-4444-444444444406', 'h8000008-0008-0008-0008-000000000003'),
(UUID(), 1, 155000, 'm4444444-4444-4444-4444-444444444406', 'h8000008-0008-0008-0008-000000000008'),
(UUID(), 1, 12000, 'm4444444-4444-4444-4444-444444444406', 'h8000008-0008-0008-0008-0008-000000020'),
-- Bill 7
(UUID(), 3, 4500, 'm4444444-4444-4444-4444-444444444407', 'h8000008-0008-0008-0008-000000000004'),
(UUID(), 2, 3500, 'm4444444-4444-4444-4444-444444444407', 'h8000008-0008-0008-0008-000000000005'),
(UUID(), 1, 125000, 'm4444444-4444-4444-4444-444444444407', 'h8000008-0008-0008-0008-000000000001'),
-- Bill 8
(UUID(), 1, 125000, 'm4444444-4444-4444-4444-444444444408', 'h8000008-0008-0008-0008-000000000001'),
(UUID(), 1, 58000, 'm4444444-4444-4444-4444-444444444408', 'h8000008-0008-0008-0008-000000000002'),
(UUID(), 1, 18000, 'm4444444-4444-4444-4444-444444444408', 'h8000008-0008-0008-0008-0008-000000041'),
-- Bill 9
(UUID(), 1, 110000, 'm4444444-4444-4444-4444-444444444409', 'h8000008-0008-0008-0008-000000000009'),
(UUID(), 1, 35000, 'm4444444-4444-4444-4444-444444444409', 'h8000008-0008-0008-0008-000000000006'),
(UUID(), 1, 22000, 'm4444444-4444-4444-4444-444444444409', 'h8000008-0008-0008-0008-0008-000000047'),
-- Bill 10
(UUID(), 1, 125000, 'm4444444-4444-4444-4444-444444444410', 'h8000008-0008-0008-0008-000000000001'),
(UUID(), 1, 58000, 'm4444444-4444-4444-4444-444444444410', 'h8000008-0008-0008-0008-000000000002'),
(UUID(), 1, 40000, 'm4444444-4444-4444-4444-444444444410', 'h8000008-0008-0008-0008-0008-000000061'),
-- Bill 11
(UUID(), 1, 28000, 'm4444444-4444-4444-4444-444444444411', 'h8000008-0008-0008-0008-000000000003'),
(UUID(), 1, 35000, 'm4444444-4444-4444-4444-444444444411', 'h8000008-0008-0008-0008-000000000006'),
(UUID(), 2, 3500, 'm4444444-4444-4444-4444-444444444411', 'h8000008-0008-0008-0008-000000000005'),
(UUID(), 1, 70000, 'm4444444-4444-4444-4444-444444444411', 'h8000008-0008-0008-0008-0008-000000062'),
-- Bill 12
(UUID(), 1, 125000, 'm4444444-4444-4444-4444-444444444412', 'h8000008-0008-0008-0008-000000000001'),
(UUID(), 1, 35000, 'm4444444-4444-4444-4444-444444444412', 'h8000008-0008-0008-0008-000000000006'),
(UUID(), 1, 32000, 'm4444444-4444-4444-4444-444444444412', 'h8000008-0008-0008-0008-0008-000000031'),
-- Bill 13
(UUID(), 1, 110000, 'm4444444-4444-4444-4444-444444444413', 'h8000008-0008-0008-0008-000000000009'),
(UUID(), 1, 35000, 'm4444444-4444-4444-4444-444444444413', 'h8000008-0008-0008-0008-000000000006'),
(UUID(), 1, 33000, 'm4444444-4444-4444-4444-444444444413', 'h8000008-0008-0008-0008-0008-000000039'),
-- Bill 14
(UUID(), 1, 125000, 'm4444444-4444-4444-4444-444444444414', 'h8000008-0008-0008-0008-000000000001'),
(UUID(), 1, 58000, 'm4444444-4444-4444-4444-444444444414', 'h8000008-0008-0008-0008-000000000002'),
(UUID(), 1, 51000, 'm4444444-4444-4444-4444-444444444414', 'h8000008-0008-0008-0008-0008-000000055');

-- ============================================
-- 23. Thêm nhiều tblCart cho các customers còn lại
-- ============================================
INSERT IGNORE INTO tblCart (id, totalPrice, tblCustomerId) VALUES
('j1111111-1111-1111-1111-111111111115', 167000, 'd4000004-0004-0004-0004-000000000015'),
('j1111111-1111-1111-1111-111111111116', 245000, 'd4000004-0004-0004-0004-000000000016'),
('j1111111-1111-1111-1111-111111111117', 189000, 'd4000004-0004-0004-0004-000000000017'),
('j1111111-1111-1111-1111-111111111118', 134000, 'd4000004-0004-0004-0004-000000000018'),
('j1111111-1111-1111-1111-111111111119', 278000, 'd4000004-0004-0004-0004-000000000019'),
('j1111111-1111-1111-1111-111111111120', 201000, 'd4000004-0004-0004-0004-000000000020'),
('j1111111-1111-1111-1111-111111111121', 156000, 'd4000004-0004-0004-0004-000000000021'),
('j1111111-1111-1111-1111-111111111122', 223000, 'd4000004-0004-0004-0004-000000000022'),
('j1111111-1111-1111-1111-111111111123', 145000, 'd4000004-0004-0004-0004-000000000023');

-- ============================================
-- 24. Thêm nhiều tblCartDetail
-- ============================================
INSERT IGNORE INTO tblCartDetail (id, quantity, tblCartId, tblProductId) VALUES
(UUID(), 1, 'j1111111-1111-1111-1111-111111111115', 'h8000008-0008-0008-0008-0008-000000031'),
(UUID(), 2, 'j1111111-1111-1111-1111-111111111115', 'h8000008-0008-0008-0008-0008-000000032'),
(UUID(), 1, 'j1111111-1111-1111-1111-111111111115', 'h8000008-0008-0008-0008-0008-000000033'),
(UUID(), 2, 'j1111111-1111-1111-1111-111111111116', 'h8000008-0008-0008-0008-000000000001'),
(UUID(), 1, 'j1111111-1111-1111-1111-111111111116', 'h8000008-0008-0008-0008-0008-000000045'),
(UUID(), 1, 'j1111111-1111-1111-1111-111111111117', 'h8000008-0008-0008-0008-000000000009'),
(UUID(), 1, 'j1111111-1111-1111-1111-111111111117', 'h8000008-0008-0008-0008-000000000003'),
(UUID(), 1, 'j1111111-1111-1111-1111-111111111117', 'h8000008-0008-0008-0008-0008-000000044'),
(UUID(), 3, 'j1111111-1111-1111-1111-111111111118', 'h8000008-0008-0008-0008-000000000004'),
(UUID(), 2, 'j1111111-1111-1111-1111-111111111118', 'h8000008-0008-0008-0008-000000000005'),
(UUID(), 1, 'j1111111-1111-1111-1111-111111111119', 'h8000008-0008-0008-0008-000000000002'),
(UUID(), 2, 'j1111111-1111-1111-1111-111111111119', 'h8000008-0008-0008-0008-000000000003'),
(UUID(), 1, 'j1111111-1111-1111-1111-111111111119', 'h8000008-0008-0008-0008-000000000008'),
(UUID(), 1, 'j1111111-1111-1111-1111-111111111120', 'h8000008-0008-0008-0008-000000000007'),
(UUID(), 3, 'j1111111-1111-1111-1111-111111111120', 'h8000008-0008-0008-0008-000000000005'),
(UUID(), 1, 'j1111111-1111-1111-1111-111111111121', 'h8000008-0008-0008-0008-000000000001'),
(UUID(), 1, 'j1111111-1111-1111-1111-111111111121', 'h8000008-0008-0008-0008-0008-000000031'),
(UUID(), 1, 'j1111111-1111-1111-1111-111111111122', 'h8000008-0008-0008-0008-000000000001'),
(UUID(), 1, 'j1111111-1111-1111-1111-111111111122', 'h8000008-0008-0008-0008-000000000002'),
(UUID(), 1, 'j1111111-1111-1111-1111-111111111122', 'h8000008-0008-0008-0008-0008-000000061'),
(UUID(), 1, 'j1111111-1111-1111-1111-111111111123', 'h8000008-0008-0008-0008-000000000003'),
(UUID(), 1, 'j1111111-1111-1111-1111-111111111123', 'h8000008-0008-0008-0008-000000000006'),
(UUID(), 2, 'j1111111-1111-1111-1111-111111111123', 'h8000008-0008-0008-0008-000000000005');

-- ============================================
-- 25. Thêm nhiều tblOnlineOrder
-- ============================================
INSERT IGNORE INTO tblOnlineOrder (id, status, dateTime, shipAddress, totalPrice, tblCustomerId, receiverName, phone) VALUES
('k2222222-2222-2222-2222-222222222215', N'Đã giao', '2025-01-23', N'Số 44 Lê Văn Việt, Q9, TP.HCM', 167000, 'd4000004-0004-0004-0004-000000000015', N'Hoàng Văn Tài', '0901111022'),
('k2222222-2222-2222-2222-222222222216', N'Đang giao', '2025-01-27', N'Số 66 Nguyễn Văn Linh, Đà Nẵng', 245000, 'd4000004-0004-0004-0004-000000000016', N'Vũ Thị Lan', '0901111023'),
('k2222222-2222-2222-2222-222222222217', N'Mới', '2025-01-28', N'Số 88 Hoàng Hoa Thám, Hà Nội', 189000, 'd4000004-0004-0004-0004-000000000017', N'Đặng Văn Nam', '0901111024'),
('k2222222-2222-2222-2222-222222222218', N'Đang xử lý', '2025-01-29', N'Số 99 Nguyễn Thái Sơn, Q.Gò Vấp, TP.HCM', 134000, 'd4000004-0004-0004-0004-000000000018', N'Bùi Thị Hoa', '0901111025'),
('k2222222-2222-2222-2222-222222222219', N'Đã giao', '2025-01-24', N'Số 11 Lý Tự Trọng, Đà Nẵng', 278000, 'd4000004-0004-0004-0004-000000000019', N'Lý Văn Quang', '0901111026'),
('k2222222-2222-2222-2222-222222222220', N'Đang giao', '2025-01-26', N'Số 22 Nguyễn Du, Hà Nội', 201000, 'd4000004-0004-0004-0004-000000000020', N'Trương Thị Nga', '0901111027'),
('k2222222-2222-2222-2222-222222222221', N'Mới', '2025-01-30', N'Số 33 Võ Thị Sáu, Q3, TP.HCM', 156000, 'd4000004-0004-0004-0004-000000000021', N'Nguyễn Văn Tuấn', '0901111028'),
('k2222222-2222-2222-2222-222222222222', N'Đã giao', '2025-01-25', N'Số 55 Lê Đức Thọ, Hà Nội', 223000, 'd4000004-0004-0004-0004-000000000022', N'Trần Thị Hạnh', '0901111029'),
('k2222222-2222-2222-2222-222222222223', N'Đang xử lý', '2025-01-27', N'Số 77 Nguyễn Trãi, Đà Nẵng', 145000, 'd4000004-0004-0004-0004-000000000023', N'Lê Văn Thành', '0901111030');

-- ============================================
-- 26. Thêm nhiều tblOnlineOrderDetail
-- ============================================
INSERT IGNORE INTO tblOnlineOrderDetail (id, quantity, salePrice, tblOnlineOrderId, tblProductId) VALUES
(UUID(), 1, 32000, 'k2222222-2222-2222-2222-222222222215', 'h8000008-0008-0008-0008-0008-000000031'),
(UUID(), 2, 7000, 'k2222222-2222-2222-2222-222222222215', 'h8000008-0008-0008-0008-0008-000000032'),
(UUID(), 1, 33000, 'k2222222-2222-2222-2222-222222222215', 'h8000008-0008-0008-0008-0008-000000033'),
(UUID(), 2, 125000, 'k2222222-2222-2222-2222-222222222216', 'h8000008-0008-0008-0008-000000000001'),
(UUID(), 1, 4500, 'k2222222-2222-2222-2222-222222222216', 'h8000008-0008-0008-0008-0008-000000045'),
(UUID(), 1, 110000, 'k2222222-2222-2222-2222-222222222217', 'h8000008-0008-0008-0008-000000000009'),
(UUID(), 1, 28000, 'k2222222-2222-2222-2222-222222222217', 'h8000008-0008-0008-0008-000000000003'),
(UUID(), 1, 12000, 'k2222222-2222-2222-2222-222222222217', 'h8000008-0008-0008-0008-0008-000000044'),
(UUID(), 3, 4500, 'k2222222-2222-2222-2222-222222222218', 'h8000008-0008-0008-0008-000000000004'),
(UUID(), 2, 3500, 'k2222222-2222-2222-2222-222222222218', 'h8000008-0008-0008-0008-000000000005'),
(UUID(), 1, 125000, 'k2222222-2222-2222-2222-222222222218', 'h8000008-0008-0008-0008-000000000001'),
(UUID(), 1, 58000, 'k2222222-2222-2222-2222-222222222219', 'h8000008-0008-0008-0008-000000000002'),
(UUID(), 2, 28000, 'k2222222-2222-2222-2222-222222222219', 'h8000008-0008-0008-0008-000000000003'),
(UUID(), 1, 155000, 'k2222222-2222-2222-2222-222222222219', 'h8000008-0008-0008-0008-000000000008'),
(UUID(), 1, 8500, 'k2222222-2222-2222-2222-222222222220', 'h8000008-0008-0008-0008-000000000007'),
(UUID(), 3, 3500, 'k2222222-2222-2222-2222-222222222220', 'h8000008-0008-0008-0008-000000000005'),
(UUID(), 1, 125000, 'k2222222-2222-2222-2222-222222222220', 'h8000008-0008-0008-0008-000000000001'),
(UUID(), 1, 125000, 'k2222222-2222-2222-2222-222222222221', 'h8000008-0008-0008-0008-000000000001'),
(UUID(), 1, 32000, 'k2222222-2222-2222-2222-222222222221', 'h8000008-0008-0008-0008-0008-000000031'),
(UUID(), 1, 125000, 'k2222222-2222-2222-2222-222222222222', 'h8000008-0008-0008-0008-000000000001'),
(UUID(), 1, 58000, 'k2222222-2222-2222-2222-222222222222', 'h8000008-0008-0008-0008-000000000002'),
(UUID(), 1, 40000, 'k2222222-2222-2222-2222-222222222222', 'h8000008-0008-0008-0008-0008-000000061'),
(UUID(), 1, 28000, 'k2222222-2222-2222-2222-222222222223', 'h8000008-0008-0008-0008-000000000003'),
(UUID(), 1, 35000, 'k2222222-2222-2222-2222-222222222223', 'h8000008-0008-0008-0008-000000000006'),
(UUID(), 2, 3500, 'k2222222-2222-2222-2222-222222222223', 'h8000008-0008-0008-0008-000000000005');

-- ============================================
-- 27. Thêm nhiều tblBill (hóa đơn tại quầy)
-- ============================================
INSERT IGNORE INTO tblBill (id, date, totalPrice, paymentMethod, tblSaleStaffId, tblCustomerId) VALUES
('m4444444-4444-4444-4444-444444444415', '2025-01-25', 167000, N'Tiền mặt', 'f6000006-0006-0006-0006-000000000004', 'd4000004-0004-0004-0004-000000000015'),
('m4444444-4444-4444-4444-444444444416', '2025-01-26', 245000, N'Chuyển khoản', 'f6000006-0006-0006-0006-000000000004', 'd4000004-0004-0004-0004-000000000016'),
('m4444444-4444-4444-4444-444444444417', '2025-01-27', 189000, N'Thẻ tín dụng', 'f6000006-0006-0006-0006-000000000004', 'd4000004-0004-0004-0004-000000000017'),
('m4444444-4444-4444-4444-444444444418', '2025-01-28', 134000, N'Tiền mặt', 'f6000006-0006-0006-0006-000000000005', 'd4000004-0004-0004-0004-000000000018'),
('m4444444-4444-4444-4444-444444444419', '2025-01-29', 278000, N'Chuyển khoản', 'f6000006-0006-0006-0006-000000000005', 'd4000004-0004-0004-0004-000000000019'),
('m4444444-4444-4444-4444-444444444420', '2025-01-30', 201000, N'Thẻ tín dụng', 'f6000006-0006-0006-0006-000000000005', 'd4000004-0004-0004-0004-000000000020'),
('m4444444-4444-4444-4444-444444444421', '2025-01-25', 156000, N'Tiền mặt', 'f6000006-0006-0006-0006-000000000005', 'd4000004-0004-0004-0004-000000000021'),
('m4444444-4444-4444-4444-444444444422', '2025-01-26', 223000, N'Chuyển khoản', 'f6000006-0006-0006-0006-000000000005', 'd4000004-0004-0004-0004-000000000022'),
('m4444444-4444-4444-4444-444444444423', '2025-01-27', 145000, N'Tiền mặt', 'f6000006-0006-0006-0006-000000000005', 'd4000004-0004-0004-0004-000000000023'),
('m4444444-4444-4444-4444-444444444424', '2025-01-28', 192000, N'Thẻ tín dụng', 'f6000006-0006-0006-0006-000000000004', NULL),
('m4444444-4444-4444-4444-444444444425', '2025-01-29', 178000, N'Tiền mặt', 'f6000006-0006-0006-0006-000000000004', NULL),
('m4444444-4444-4444-4444-444444444426', '2025-01-30', 234000, N'Chuyển khoản', 'f6000006-0006-0006-0006-000000000005', NULL);

-- ============================================
-- 28. Thêm nhiều tblBillDetail cho các bills mới
-- ============================================
INSERT IGNORE INTO tblBillDetail (id, quantity, price, tblBillId, tblProductId) VALUES
-- Bill 15
(UUID(), 1, 32000, 'm4444444-4444-4444-4444-444444444415', 'h8000008-0008-0008-0008-0008-000000031'),
(UUID(), 2, 7000, 'm4444444-4444-4444-4444-444444444415', 'h8000008-0008-0008-0008-0008-000000032'),
(UUID(), 1, 33000, 'm4444444-4444-4444-4444-444444444415', 'h8000008-0008-0008-0008-0008-000000033'),
-- Bill 16
(UUID(), 2, 125000, 'm4444444-4444-4444-4444-444444444416', 'h8000008-0008-0008-0008-000000000001'),
(UUID(), 1, 4500, 'm4444444-4444-4444-4444-444444444416', 'h8000008-0008-0008-0008-0008-000000045'),
-- Bill 17
(UUID(), 1, 110000, 'm4444444-4444-4444-4444-444444444417', 'h8000008-0008-0008-0008-000000000009'),
(UUID(), 1, 28000, 'm4444444-4444-4444-4444-444444444417', 'h8000008-0008-0008-0008-000000000003'),
(UUID(), 1, 12000, 'm4444444-4444-4444-4444-444444444417', 'h8000008-0008-0008-0008-0008-000000044'),
-- Bill 18
(UUID(), 3, 4500, 'm4444444-4444-4444-4444-444444444418', 'h8000008-0008-0008-0008-000000000004'),
(UUID(), 2, 3500, 'm4444444-4444-4444-4444-444444444418', 'h8000008-0008-0008-0008-000000000005'),
(UUID(), 1, 125000, 'm4444444-4444-4444-4444-444444444418', 'h8000008-0008-0008-0008-000000000001'),
-- Bill 19
(UUID(), 1, 58000, 'm4444444-4444-4444-4444-444444444419', 'h8000008-0008-0008-0008-000000000002'),
(UUID(), 2, 28000, 'm4444444-4444-4444-4444-444444444419', 'h8000008-0008-0008-0008-000000000003'),
(UUID(), 1, 155000, 'm4444444-4444-4444-4444-444444444419', 'h8000008-0008-0008-0008-000000000008'),
(UUID(), 1, 12000, 'm4444444-4444-4444-4444-444444444419', 'h8000008-0008-0008-0008-0008-000000020'),
-- Bill 20
(UUID(), 1, 8500, 'm4444444-4444-4444-4444-444444444420', 'h8000008-0008-0008-0008-000000000007'),
(UUID(), 3, 3500, 'm4444444-4444-4444-4444-444444444420', 'h8000008-0008-0008-0008-000000000005'),
(UUID(), 1, 125000, 'm4444444-4444-4444-4444-444444444420', 'h8000008-0008-0008-0008-000000000001'),
(UUID(), 1, 70000, 'm4444444-4444-4444-4444-444444444420', 'h8000008-0008-0008-0008-0008-000000062'),
-- Bill 21
(UUID(), 1, 125000, 'm4444444-4444-4444-4444-444444444421', 'h8000008-0008-0008-0008-000000000001'),
(UUID(), 1, 32000, 'm4444444-4444-4444-4444-444444444421', 'h8000008-0008-0008-0008-0008-000000031'),
-- Bill 22
(UUID(), 1, 125000, 'm4444444-4444-4444-4444-444444444422', 'h8000008-0008-0008-0008-000000000001'),
(UUID(), 1, 58000, 'm4444444-4444-4444-4444-444444444422', 'h8000008-0008-0008-0008-000000000002'),
(UUID(), 1, 40000, 'm4444444-4444-4444-4444-444444444422', 'h8000008-0008-0008-0008-0008-000000061'),
-- Bill 23
(UUID(), 1, 28000, 'm4444444-4444-4444-4444-444444444423', 'h8000008-0008-0008-0008-000000000003'),
(UUID(), 1, 35000, 'm4444444-4444-4444-4444-444444444423', 'h8000008-0008-0008-0008-000000000006'),
(UUID(), 2, 3500, 'm4444444-4444-4444-4444-444444444423', 'h8000008-0008-0008-0008-000000000005'),
(UUID(), 1, 70000, 'm4444444-4444-4444-4444-444444444423', 'h8000008-0008-0008-0008-0008-000000062'),
-- Bill 24
(UUID(), 1, 125000, 'm4444444-4444-4444-4444-444444444424', 'h8000008-0008-0008-0008-000000000001'),
(UUID(), 1, 35000, 'm4444444-4444-4444-4444-444444444424', 'h8000008-0008-0008-0008-000000000006'),
(UUID(), 1, 32000, 'm4444444-4444-4444-4444-444444444424', 'h8000008-0008-0008-0008-0008-000000031'),
-- Bill 25
(UUID(), 1, 110000, 'm4444444-4444-4444-4444-444444444425', 'h8000008-0008-0008-0008-000000000009'),
(UUID(), 1, 35000, 'm4444444-4444-4444-4444-444444444425', 'h8000008-0008-0008-0008-000000000006'),
(UUID(), 1, 33000, 'm4444444-4444-4444-4444-444444444425', 'h8000008-0008-0008-0008-0008-000000039'),
-- Bill 26
(UUID(), 1, 125000, 'm4444444-4444-4444-4444-444444444426', 'h8000008-0008-0008-0008-000000000001'),
(UUID(), 1, 58000, 'm4444444-4444-4444-4444-444444444426', 'h8000008-0008-0008-0008-000000000002'),
(UUID(), 1, 51000, 'm4444444-4444-4444-4444-444444444426', 'h8000008-0008-0008-0008-0008-000000055');

-- ============================================
-- 29. Thêm nhiều tblImportSlip
-- ============================================
INSERT IGNORE INTO tblImportSlip (id, date, totalPrice, tblSupplierId, tblWarehouseStaffId) VALUES
('i9000009-0009-0009-0009-000000000011', '2025-01-30', 18000000, 'g7000007-0007-0007-0007-000000000001', 'f6000006-0006-0006-0006-000000000006'),
('i9000009-0009-0009-0009-000000000012', '2025-02-01', 22000000, 'g7000007-0007-0007-0007-000000000002', 'f6000006-0006-0006-0006-000000000006'),
('i9000009-0009-0009-0009-000000000013', '2025-02-02', 15000000, 'g7000007-0007-0007-0007-000000000003', 'f6000006-0006-0006-0006-000000000002'),
('i9000009-0009-0009-0009-000000000014', '2025-02-03', 25000000, 'g7000007-0007-0007-0007-000000000004', 'f6000006-0006-0006-0006-000000000002'),
('i9000009-0009-0009-0009-000000000015', '2025-02-04', 19000000, 'g7000007-0007-0007-0007-000000000005', 'f6000006-0006-0006-0006-000000000006'),
('i9000009-0009-0009-0009-000000000016', '2025-02-05', 16000000, 'g7000007-0007-0007-0007-000000000006', 'f6000006-0006-0006-0006-000000000002'),
('i9000009-0009-0009-0009-000000000017', '2025-02-06', 21000000, 'g7000007-0007-0007-0007-000000000007', 'f6000006-0006-0006-0006-000000000006'),
('i9000009-0009-0009-0009-000000000018', '2025-02-07', 14000000, 'g7000007-0007-0007-0007-000000000008', 'f6000006-0006-0006-0006-000000000002'),
('i9000009-0009-0009-0009-000000000019', '2025-02-08', 23000000, 'g7000007-0007-0007-0007-000000000009', 'f6000006-0006-0006-0006-000000000006'),
('i9000009-0009-0009-0009-000000000020', '2025-02-09', 17000000, 'g7000007-0007-0007-0007-000000000010', 'f6000006-0006-0006-0006-000000000002');

-- ============================================
-- 30. Thêm nhiều tblImportSlipDetail
-- ============================================
INSERT IGNORE INTO tblImportSlipDetail (id, quantity, price, tblImportSlipId, tblProductId) VALUES
(UUID(), 120, 95000, 'i9000009-0009-0009-0009-000000000011', 'h8000008-0008-0008-0008-000000000001'),
(UUID(), 100, 45000, 'i9000009-0009-0009-0009-000000000011', 'h8000008-0008-0008-0008-000000000002'),
(UUID(), 250, 22000, 'i9000009-0009-0009-0009-000000000012', 'h8000008-0008-0008-0008-000000000003'),
(UUID(), 200, 3500, 'i9000009-0009-0009-0009-000000000012', 'h8000008-0008-0008-0008-000000000004'),
(UUID(), 180, 85000, 'i9000009-0009-0009-0009-000000000013', 'h8000008-0008-0008-0008-000000000009'),
(UUID(), 150, 42000, 'i9000009-0009-0009-0009-000000000013', 'h8000008-0008-0008-0008-000000000013'),
(UUID(), 300, 25000, 'i9000009-0009-0009-0009-000000000014', 'h8000008-0008-0008-0008-000000000014'),
(UUID(), 250, 30000, 'i9000009-0009-0009-0009-000000000014', 'h8000008-0008-0008-0008-000000000015'),
(UUID(), 350, 24000, 'i9000009-0009-0009-0009-000000000015', 'h8000008-0008-0008-0008-0008-000000031'),
(UUID(), 200, 25000, 'i9000009-0009-0009-0009-000000000015', 'h8000008-0008-0008-0008-0008-000000032'),
(UUID(), 250, 6500, 'i9000009-0009-0009-0009-000000000016', 'h8000008-0008-0008-0008-000000000007'),
(UUID(), 200, 8000, 'i9000009-0009-0009-0009-000000000016', 'h8000008-0008-0008-0008-0008-000000044'),
(UUID(), 180, 15000, 'i9000009-0009-0009-0009-000000000017', 'h8000008-0008-0008-0008-0008-000000047'),
(UUID(), 120, 35000, 'i9000009-0009-0009-0009-000000000017', 'h8000008-0008-0008-0008-0008-000000046'),
(UUID(), 80, 15000, 'i9000009-0009-0009-0009-000000000018', 'h8000008-0008-0008-0008-0008-000000049'),
(UUID(), 70, 12000, 'i9000009-0009-0009-0009-000000000018', 'h8000008-0008-0008-0008-0008-000000050'),
(UUID(), 40, 120000, 'i9000009-0009-0009-0009-000000000019', 'h8000008-0008-0008-0008-0008-000000064'),
(UUID(), 35, 140000, 'i9000009-0009-0009-0009-000000000019', 'h8000008-0008-0008-0008-0008-000000065'),
(UUID(), 150, 120000, 'i9000009-0009-0009-0009-000000000020', 'h8000008-0008-0008-0008-000000000008'),
(UUID(), 120, 25000, 'i9000009-0009-0009-0009-000000000020', 'h8000008-0008-0008-0008-0008-000000073');

-- ============================================
-- Hoàn tất. Kiểm tra:
-- SELECT 'tblUser' t, COUNT(*) c FROM tblUser
-- UNION SELECT 'tblRole', COUNT(*) FROM tblRole
-- UNION SELECT 'tblProduct', COUNT(*) FROM tblProduct
-- UNION SELECT 'tblBill', COUNT(*) FROM tblBill
-- ...;
-- ============================================
